biibbble , 0.222222222222
bikiwofupor , 0.230769230769
bilaltanriverdi , 0.333333333333
billgates_s , 0.333333333333
billgatesminds , 0.4
BILLYTHEBORG , 0.125
bimabuharuzo , 0.0769230769231
bintaderah11 , 0.166666666667
BiographyArchiv , 0.0330578512397
bitememarketing , 0.153846153846
bivepuqazudo , 0.384615384615
biwymyvywyl , 0.0769230769231
BIZZZLED , 0.0909090909091
bkl_saraha , 0.172413793103
bl_beat , 0.230769230769
blahblahfish , 0.133333333333
blakesheltonf , 0.5
BlessingOfPeace , 0.166666666667
BlindmanMusic , 0.0975609756098
blinkk_lyrics , 0.333333333333
BlogYourWorld , 0.4
bloodedrejoice , 0.2
bluechipbiz , 0.428571428571
bndr0043 , 0.12
BluntChick , 0.285714285714
Bnt_abOooOy , 0.136363636364
Bntmahmd , 0.142857142857
Bo4Saleh , 0.285714285714
bo_tlo , 0.0588235294118
boastfultrickle , 0.2
BobMarllley , 0.0769230769231
bocceeek , 0.111111111111
bod_21 , 0.0909090909091
bodyhealthy10 , 0.0
BofA_Help , 0.0
bofajiritug , 0.0769230769231
bojsoom50 , 0.230769230769
bojuxozufuf , 0.0769230769231
bokaled_q8 , 0.210526315789
bold_kwt , 0.333333333333
bookbandar , 0.25
BookQuotesHere , 0.25
boOo7__3 , 0.454545454545
bornngrier , 0.136363636364
bosicusolave , 0.333333333333
BoSultan2006 , 0.333333333333
bot_o_ , 0.15625
boudy99 , 0.428571428571
bowyangplonk , 0.111111111111
Bozzy60 , 0.333333333333
bradaizz , 0.47619047619
brandisimms3518 , 0.0952380952381
BrandyEWeld52 , 0.35
Brg_q8 , 0.0
brhomy13061053 , 0.0
Brianneiau , 0.444444444444
BrianRayve , 0.0
BrittniRamsey , 0.25
brodcaaast_ , 0.194690265487
BrookieSykes462 , 0.222222222222
BrooklynsDodger , 0.122448979592
browns_mania , 0.047619047619
browntown113 , 0.0
bsb009 , 0.0357142857143
bshayeralenezi8 , 0.208333333333
bsmtk_1 , 0.142857142857
BStinsonPage , 0.25
btaaal444 , 0.333333333333
BTCare , 0.0
BTSAcademy , 0.333333333333
bubylovorypo , 0.153846153846
BuddhismTeach , 0.2
budizagibac , 0.142857142857
budumexivymu , 0.2
bugoos123 , 0.230769230769
BupaArabiaCare , 0.307692307692
burakyigman , 0.333333333333
Bush143 , 0.333333333333
busopyhucaqa , 0.0714285714286
Butlers8 , 0.375
buvahaxydeby , 0.142857142857
buykaka , 0.166666666667
bwabt , 0.315789473684
byjuberokowa , 0.0769230769231
c9ttt , 0.230769230769
C_6611 , 0.0379746835443
c_machovsky , 0.0588235294118
CabilingB , 0.0
cacyrifoqyl , 0.125
cafeqahimof , 0.166666666667
calacuayoMX , 0.25
CAllstadt , 0.0
callumx5sos , 0.0
camscent , 0.0
cancerscopehere , 0.333333333333
cannamedgardens , 0.168421052632
CardenaDenis , 0.0
carlosmans68zqb , 0.166666666667
catalinacataa2 , 0.2
catherine_derek , 0.4
catugegutif , 0.0769230769231
cb9fa03fe659425 , 0.285714285714
cbnbbbbdvhbbd , 0.5
ccarrillosports , 0.0909090909091
cccyccc , 0.333333333333
CChristGarcia , 0.111111111111
cctt45 , 0.25
ceeelebrity , 0.222222222222
cejegaranyv , 0.153846153846
Celia_Carson , 0.111111111111
CelinaClarkson , 0.2
ceripoole66 , 0.0975609756098
cexehykodica , 0.0769230769231
cezvaz , 0.105263157895
Cffcentralflor , 0.031746031746
cfsunravelled , 0.423076923077
chadcel07 , 0.136363636364
cheercongress , 0.111111111111
Cheq8q8 , 0.25
chernishew2 , 0.25
chi_bulls , 0.131147540984
ChickenInca , 0.142857142857
chikitaviolenta , 0.122641509434
ChineduNwuzor , 0.109375
chippsdelight , 0.5
chitoboxito , 0.123711340206
chris_thrall , 0.333333333333
ChrisHarrisen , 0.111111111111
chrmllssp , 0.2
chunjaibabi , 0.153846153846
cinitecotero , 0.0666666666667
CintraLanguage , 0.148936170213
ciro2compositor , 0.25
ciroboxahoz , 0.142857142857
cityslicker_me , 0.157894736842
CJcomputersNC , 0.0
clariceb26 , 0.0
ClaudyTheArtist , 0.0
Cliffemount , 0.421052631579
closedgroan , 0.3
cocco3389 , 0.288888888889
cockalorumnull , 0.222222222222
codebipiwyfu , 0.0769230769231
codemekonaji , 0.0666666666667
CodeNonProfit , 0.125
cojabarifoq , 0.333333333333
CollegeInsurrec , 0.285714285714
CollegeLifeShop , 0.1875
colol2 , 0.2
coltford , 0.0731707317073
ConcertBlogger , 0.123076923077
Conservative_VW , 0.5
ConsumersKenya , 0.166666666667
cooooomedy , 0.2
Coriumy , 0.25
CornetteCollin , 0.108695652174
CountryMusikMan , 0.125
Couponathon , 0.193548387097
crazyda2 , 0.163636363636
crazymofoke , 0.172413793103
crichadaneteh , 0.0888888888889
CrooksKaiservvx , 0.1875
crowsthrowing , 0.222222222222
CrusaderIntel , 0.294117647059
crushkosicrush , 0.4
CU2MRO , 0.0
cubatujevel , 0.0833333333333
cubofexoryp , 0.333333333333
cujikododomy , 0.0666666666667
Culo_Perfecto_ , 0.264705882353
CurriePlays , 0.4
Cute_Twins_21 , 0.272727272727
cutefunnyjok , 0.0
CutestAnimalsPi , 0.25
cvvvgn , 0.0
cycisolozoci , 0.117647058824
CynthiaSegal , 0.2
cyqypoquqeny , 0.0625
cywazabijuq , 0.0714285714286
d1_pp , 0.333333333333
D3m_osama , 0.0697674418605
D7_9R , 0.4
d7mi01 , 0.281879194631
d7my119 , 0.25
d7omii77 , 0.25
d841eeec0969412 , 0.444444444444
d8d66e5275d64c3 , 0.05
da_good_pokemon , 0.466666666667
Dabru123 , 0.08
dacygehuquda , 0.0714285714286
dacylyhapene , 0.153846153846
dadibykixih , 0.0769230769231
dadijedydavu , 0.230769230769
daf3a3c5f6c4480 , 0.15625
Dagdoug51 , 0.333333333333
DailyBaes , 0.413793103448
DailyPrayerLife , 0.28125
dakucoqyhemy , 0.0666666666667
dalaa00 , 0.25
Daminous_Purity , 0.25
DamntsTRUE , 0.582417582418
DanaK5511 , 0.333333333333
dangersp8 , 0.214285714286
DaniDanikhan666 , 0.2
Daniel_Lerch , 0.135416666667
danielsLondon , 0.5
DannetteGilcher , 0.470588235294
dantimbol , 0.153846153846
dapezupotyc , 0.153846153846
dare_villas , 0.25
darydehysag , 0.0769230769231
DasySyda , 0.142857142857
DaTattooGod , 0.25
datblaxican , 0.4
DatingOnPurpose , 0.135593220339
davediehl66 , 0.141025641026
davenbill , 0.148148148148
DavidCalarco , 0.112903225806
DavidFida , 0.184523809524
DavidJPyle42 , 0.3
dazfish99 , 0.111111111111
Db1985Yosf , 0.2
dco5103 , 0.4
ddah2010 , 0.0714285714286
deadcraz , 0.0961538461538
debatebreak , 0.111111111111
DebbieAnnSays , 0.0714285714286
Deberryuwy , 0.235294117647
ded3344 , 0.111111111111
deepsute , 0.111111111111
definechief , 0.0307692307692
DellCaresPRO , 0.285714285714
delpinoclaudioj , 0.131578947368
DemissieHaile , 0.232558139535
DemriEml , 0.333333333333
deontaimoore2 , 0.25
Designer_Momen , 0.0769230769231
Details_ , 0.275
DetBetteHotel , 0.0923076923077
dftyfd , 0.140350877193
DGFoord , 0.181818181818
DGhanma , 0.34375
Dh_119 , 0.146341463415
dhoom8992 , 0.0
DHOOM_al_malki , 0.0
DiaJacobss , 0.2
dianachelyn , 0.0909090909091
Dillon_Witt , 0.242424242424
dinety_ant , 0.5
diphthongcluck , 0.111111111111
DirtyAffairsUK , 0.2
discreetLibrary , 0.133333333333
DiseaseSymptom , 0.0978260869565
disneylandwrlds , 0.333333333333
dixowosapaj , 0.0714285714286
disneytomeigen , 0.363636363636
DivaValent , 0.107142857143
DJBradHouston , 0.0789473684211
DjJealousy , 0.166666666667
dl3_3773 , 0.1
dl3_____7777 , 0.105263157895
dl3saudia , 0.266666666667
dlmstyles , 0.0714285714286
dloomey , 0.107692307692
DMLjewellery , 0.166666666667
dmygrills , 0.125
do555do1 , 0.0625
Doa836 , 0.333333333333
dofelubuxasa , 0.1875
dogetutadajo , 0.2
DogGoneMissing , 0.0975609756098
dogival844 , 0.0
dole132 , 0.133333333333
donumlnotol , 0.0
dosiwicubet , 0.111111111111
douzy990 , 0.107692307692
Dr_5w6r , 0.333333333333
Dr_Fawziyah , 0.310344827586
Dr_MohKhrais , 0.133333333333
drahmadalsaleh , 0.25
DrAliAlrabieei , 0.384615384615
drbsinsa , 0.25
DreamANiqhtmare , 0.25
Dreeelal , 0.285714285714
dreem5900 , 0.147540983607
DreGotti , 0.333333333333
drissawaked , 0.388888888889
drrr1111 , 0.25
Drumheadmag , 0.125
dubai4world , 0.190476190476
dudolocilowe , 0.333333333333
DuelRevolution , 0.333333333333
Duff271Paul , 0.25
dugacyzaleho , 0.125
dukylinutujo , 0.230769230769
dulayremy , 0.185185185185
dumiluculyxu , 0.0769230769231
dusojadeqek , 0.0769230769231
dVIPb , 0.111111111111
dycejocipame , 0.0769230769231
dycycyzubeso , 0.0714285714286
dygobowalaxe , 0.0714285714286
dylankerdudo , 0.149253731343
dyvefonavudo , 0.0869565217391
dyvufyquvep , 0.0769230769231
dyvyjuhyfuja , 0.133333333333
dywulegesuk , 0.133333333333
Dzakydhitya , 0.166666666667
e189sal , 0.112359550562
E3LAN_S , 0.333333333333
e41d9fa397b6475 , 0.181818181818
e507357210 , 0.0
e7sas673 , 0.333333333333
e7sas_uae1 , 0.333333333333
e_shammari , 0.0
eaeaeaea1515 , 0.135135135135
ebook_askep , 0.0
EbzcWO4iB1qZNN1 , 0.0
edere4421 , 0.0333333333333
EdgarAlllenPoe , 0.142857142857
EDGARDOGARCIASA , 0.0
EdmondsonHenry , 0.0
EdnaLoyo , 0.117647058824
EdwardAshton30 , 0.333333333333
edwardcatherin1 , 0.166666666667
eebbrr0090 , 0.25
eehdszG , 0.2
efbausor , 0.166666666667
efficts , 0.318181818182
effluviumfizz , 0.2
EissaAliAlTaher , 0.333333333333
EizoAsmri , 0.125
el_koracom , 0.0
Elelmorte , 0.125
Elissa_Holics , 0.295454545455
elkoraapp , 0.0
elkorabundeslig , 0.0
elkoraCalcio , 0.0
elkoragulf , 0.0
elkoralive , 0.0
elkoraPL , 0.0
elkorasaudi , 0.0
elkoraspain , 0.0
elkoratv , 0.0
elkoraucl , 0.0
elkoraxelkora , 0.0
elliesangelwing , 0.0
ElliesQuill , 0.0
ElLobo0815 , 0.333333333333
ElmiDhigal , 0.176470588235
elvis5661 , 0.181818181818
EmadAlShweikh , 0.222222222222
emadmonshi , 0.113636363636
emadrezvan , 0.111111111111
EmilyAtkins_ , 0.357142857143
EmilyBennnett , 0.177777777778
EMRAAN1965 , 0.25
enadenad20 , 0.5
enchantedmoo , 0.111111111111
Eng_Anwar_Malek , 0.0
EOc9rPE3txaa9lr , 0.357142857143
epaonedirection , 0.0
eReferenceDesk , 0.0
erenalp_ern , 0.0
ertbon , 0.0789473684211
EscapistMusic , 0.333333333333
ESESHBR , 0.128205128205
esraaabed391 , 0.285714285714
Essa5106 , 0.333333333333
esterka12345901 , 0.115384615385
EtaamRiyadh , 0.175
EthanCramer , 0.363636363636
eva_lee_ray2 , 0.363636363636
eva_upton , 0.129032258065
EviaaDemo , 0.375
ExplainTech , 0.214285714286
exxe6116 , 0.0
eyeballnoddle , 0.222222222222
f020f , 0.104166666667
f054444 , 0.347826086957
F15O0 , 0.105263157895
f16_f15 , 0.139784946237
f16x4 , 0.333333333333
F4WWDiceman , 0.1
f6a45f0fd3cb4b0 , 0.142857142857
f99ii , 0.386363636364
F_____ais , 0.0
f_k84 , 0.434782608696
f_o_f_20 , 0.382978723404
fa1122334434 , 0.3
fa_al_dossry , 0.142857142857
FA_KSA11 , 0.0
fa_ma_q , 0.152173913043
faaash017 , 0.0923076923077
Faahdd5 , 0.333333333333
FabrinnyDrew , 0.115384615385
facebookhot492 , 0.142857142857
facesoflovers , 0.25
facts_of_god , 0.333333333333
fadipisafyz , 0.0714285714286
faf_100 , 0.0625
fafa555777 , 0.0862068965517
fahad00024 , 0.125
fahad056500 , 0.0555555555556
fahad_4850 , 0.1
Fahad__R_20 , 0.170212765957
fahad_A_fahad , 0.25
fahad_alfaify11 , 0.1
Fahad_Almn9or , 0.166666666667
fahad_alzhranii , 0.208333333333
fahad_kuw_501 , 0.0967741935484
fahadku1 , 0.25
fahads1238 , 0.25
faheer_sheikh , 0.121212121212
FahhadOnazi , 0.117647058824
FAISAL__KSA1 , 0.0
Faisal_Almatrfi , 0.0
FaisalM66 , 0.166666666667
fajadugureza , 0.0833333333333
fakingitfam , 0.166666666667
fakryst , 0.133333333333
falah_sharari , 0.166666666667
falchoufi , 0.0714285714286
Falcon_kuw , 0.0
FALEH1312 , 0.4
famousquotenet , 0.25
fanalknafh , 0.0983606557377
fans_alhiilal , 0.1875
FantasyFbRoto , 0.142857142857
faraas85 , 0.4
faraigift , 0.125
Fares58885 , 0.1875
FARES68201521 , 0.326530612245
fares970 , 0.366666666667
Fares_W98 , 0.214285714286
FarmersMkt_BN12 , 0.1
fashirw , 0.0
fasion2013_2014 , 0.461538461538
fastboyslow , 0.0641025641026
fatihufumen , 0.333333333333
FATJOSH937 , 0.044776119403
fawaz5alotibi , 0.0
Fawaz_S_Harthy , 0.192307692308
FawazK2011 , 0.5
fawulylypif , 0.0833333333333
fayez1_ , 0.333333333333
fayezALJohani , 0.08
faysal_alutiby , 0.375
fayyazahmadlak , 0.210526315789
fayzshamr , 0.0909090909091
FBMKeith , 0.0714285714286
FD_193 , 0.2
fdash882 , 0.111111111111
fdfd_11 , 0.5
febutysezoso , 0.0769230769231
fekuxopeqyro , 0.214285714286
ferasf7474 , 0.0
fernandezjamsk4 , 0.3
ferreirakind , 0.125
fesebopomym , 0.133333333333
feto201 , 0.384615384615
fevolefujici , 0.153846153846
fewohokejuj , 0.333333333333
fewusutisygy , 0.230769230769
ff00z , 0.1
ff_ff134 , 0.153846153846
ff_kalaba , 0.4
ff_retweeet , 0.214285714286
FF_RV , 0.0
ffaa386 , 0.114285714286
ffasnrgw , 0.166666666667
ffff5555003 , 0.181818181818
ffvdfbseh3 , 0.136363636364
fgjgf35662 , 0.0
fgooou , 0.0
fh381 , 0.0
fhardy221 , 0.08
Fhhf88Q8 , 0.0
fhoood_2012 , 0.111111111111
fidubapexaqy , 0.142857142857
fiedameespo , 0.194805194805
fieryplop , 0.111111111111
fifa_ahli , 0.230769230769
figuremallcom , 0.105263157895
findingnemo_fan , 0.272727272727
FIowerOfLove , 0.304347826087
FIRREV , 0.142857142857
Fit2Motivation , 0.203703703704
FitnessBestLife , 0.2
fitnessgirldail , 0.0
fixubosuquco , 0.0714285714286
fizoponagic , 0.0769230769231
FizzyDaHustler , 0.1
fjfvh6 , 0.444444444444
fjskfkc , 0.277777777778
Flash907 , 0.153846153846
flashgiglet , 0.2
flashingfactz , 0.285714285714
flaxstep , 0.111111111111
flogvit , 0.148148148148
FlyAmericaChad , 0.188405797101
FmVooode , 0.116279069767
fnan_alkht , 0.0
focagosukyk , 0.0769230769231
Fof446 , 0.0535714285714
fofo05781999 , 0.333333333333
foibleswhizz , 0.111111111111
FolkRemedy , 0.111111111111
follow120sougo , 0.105263157895
FOLLOW_MY_WORLD , 0.166666666667
FollowMe4Luck , 0.277777777778
foqefarozalu , 0.153846153846
for_pittys , 0.125
forexontrade , 0.461538461538
Foryoudady_ , 0.322580645161
Fotoun79 , 0.129032258065
foundbyash , 0.0
FounderSupport , 0.111111111111
fox_india , 0.0992366412214
foxxxyfuck69 , 0.333333333333
fozyhussin2 , 0.142857142857
francisco000601 , 0.25
FranckAkuta , 0.115384615385
FranklinWYoung , 0.1
franniewd71 , 0.263157894737
FreeBeastBitch , 0.190476190476
freefifa14pl , 0.15
FreeMusicCh , 0.384615384615
frfosh78 , 0.4
fromcelebrities , 0.0
FromTheWax , 0.473684210526
FSC_Mino , 0.5
ftaashari , 0.25
FuadAnwar06 , 0.428571428571
FuckFeelingsAMP , 0.222222222222
FundacionSolmar , 0.0530973451327
funfunnfun , 0.111111111111
FunnyTedBear , 0.25
FUT_Fi , 0.263157894737
FUT_HERO , 0.5
Futebol___Mania , 0.142857142857
Fwaz122Hh , 0.134146341463
fybomevarice , 0.0869565217391
FYFeeling , 0.25
fyoozhsonh , 0.0909090909091
fytuxywobaf , 0.0769230769231
fywabalonud , 0.333333333333
G_G_I , 0.0
ga_nyu_niconico , 0.0555555555556
gabol00 , 0.0
GabsloveCamila , 0.333333333333
gad7aa , 0.2
GadaGadah200 , 0.129032258065
gaduqufavif , 0.0869565217391
Gamerz321 , 0.232558139535
GamingClear , 0.138888888889
gamma_ray239 , 0.176470588235
GandhiiQuotes , 0.148148148148
GapJumpers , 0.166666666667
garacacedoku , 0.0714285714286
GardhamDouglas , 0.25
gassankryeem , 0.0
GaStcoins , 0.142857142857
gasucujucyre , 0.117647058824
gatyhixocog , 0.25
gavindelphino , 0.25
gawytiwalimy , 0.333333333333
gdrugjkkgffh , 0.333333333333
GdyWlOlK2J0KMRQ , 0.0714285714286
gecabahuhota , 0.214285714286
geekyfordallas , 0.3
geezerspur , 0.111111111111
gehepyzirudi , 0.153846153846
gemocyhibaze , 0.0666666666667
GentleHandbook , 0.25
gepitydehapy , 0.0714285714286
gesebusutol , 0.0769230769231
getehudyqup , 0.0714285714286
getfappening , 0.2
gg8888888gg , 0.2
gg89_9 , 0.333333333333
ggfhj26 , 0.5
gggrts , 0.0
GGodeonrh , 0.5
ghalebsalem57 , 0.285714285714
ghamdico , 0.391304347826
ghareb77 , 0.272727272727
ghasap_alfraj , 0.0833333333333
ghiejhey_017 , 0.166666666667
gikutocicyta , 0.133333333333
Ginny_Zahnke , 0.0645161290323
giraffeIrh , 0.125
GirlCodeAPage , 0.25
GirlsSaidThat , 0.0
GITIN_M0NEY_618 , 0.0
GiveBigSmile , 0.25
Givner_Kaye , 0.333333333333
Gloria_Maele , 0.25
GNS3Vault , 0.102739726027
GnwPn , 0.333333333333
go0og987 , 0.4
goat_girl39 , 0.102564102564
gobafinehozy , 0.0769230769231
godswombs , 0.142857142857
GodsWordIsFree , 0.0
goldmask954 , 0.25
golesyf , 0.0
golken2014 , 0.111111111111
Gomaty89 , 0.166666666667
Goodkindles , 0.388888888889
GoodLuck4Harry , 0.333333333333
googlefctsa , 0.333333333333
googlr851 , 0.25
googoo_202 , 0.125
goooood111 , 0.3125
gopokervideos , 0.217391304348
got__wisdom , 0.0
govisk801666 , 0.142857142857
GQ45 , 0.333333333333
Gr0m0208Serega , 0.333333333333
grasswire , 0.304347826087
grct33 , 0.125
Great_MomsMag , 0.148936170213
GregAtkinson , 0.2
griffinjoshua55 , 0.0
GRIZZAVELI , 0.5
Groooup_1999 , 0.333333333333
GrowthHackers , 0.333333333333
Grp_Ghr , 0.1
GrumpyCatsMind , 0.25
gry7_alsamt , 0.25
gsty_14 , 0.0
guavaabaft , 0.111111111111
guparanujys , 0.1875
GustonDKI , 0.333333333333
GwailoDragon , 0.0277777777778
gybuhicizuli , 0.142857142857
gymyjovRol , 0.109090909091
gyqylilyliko , 0.230769230769
Gz22z , 0.41935483871
h15152 , 0.333333333333
H17Ksa , 0.333333333333
H1N_2 , 0.230769230769
H1N_4 , 0.416666666667
h1shm , 0.142857142857
H7__O , 0.25
h_6899 , 0.333333333333
h_akhbar , 0.208333333333
H_PITT206 , 0.0
hadi_a335 , 0.242424242424
Hadi_qna9 , 0.4
HadiAlmosawy , 0.0810810810811
hagefigixuw , 0.0769230769231
hahts , 0.333333333333
halababecype , 0.0666666666667
haldaned , 0.352941176471
HaleyLHughes , 0.380952380952
halldwhifouend , 0.150943396226
ham0o0ody7 , 0.111111111111
hamad9009h , 0.0681818181818
HAMAD_ALHARBI_1 , 0.25
hamadi3399 , 0.375
hamdanalemrati , 0.25
HamdySuhayb , 0.6
hamed93twitte , 0.25
hamed_alatwi , 0.375
hameedjan11355 , 0.0
hammad3032 , 0.2
hammoud1414 , 0.368421052632
hamoode1966 , 0.0
hamooodi9798 , 0.166666666667
hanadi707 , 0.333333333333
hanan7no , 0.111111111111
Haneen_alhosani , 0.48275862069
Hanhwt , 0.222222222222
hanialanezi1 , 0.0714285714286
hanialmathkoor , 0.166666666667
Hanoody777 , 0.0384615384615
haooo331 , 0.0
happines_guru , 0.333333333333
happymania20147 , 0.189189189189
happytoushi2014 , 0.101449275362
hapshefifswiber , 0.153846153846
Hardiiiaaa , 0.15
harewyjakygo , 0.0714285714286
harrasmourn , 0.2
harry_ppotter , 0.333333333333
HarryOnTakeover , 0.1
HarryStyles9409 , 0.4
harrystylesds , 0.2
HarunARABACI , 0.25
has51an , 0.0992366412214
hasahh12 , 0.156862745098
HashArabianG , 0.0
hashem_alsoudi , 0.0814814814815
hashtgareed , 0.333333333333
HaSSaN_0557 , 0.181818181818
HauntedHour , 0.142857142857
hawa_world , 0.2
hayrana2013 , 0.454545454545
hazmi502 , 0.111111111111
hbahb , 0.107142857143
HDarist , 0.125
hdoi54 , 0.137096774194
healthforppl , 0.25
Healthy_FitLife , 0.25
healthyliveways , 0.25
Heidi_Steinke , 0.0645161290323
HektorTuring , 0.25
Hem_75487 , 0.166666666667
hemaeltop875 , 0.388888888889
hemmocompleteme , 0.0444444444444
henoqyrewup , 0.153846153846
hepatizebypy , 0.0714285714286
herbertmatteie , 0.0
hesson4433 , 0.2
HeyJorgistas , 0.142857142857
hezifipasono , 0.0714285714286
hfh141hh , 0.2
hh__678 , 0.6
hh_c9 , 0.277777777778
hhaassnn173 , 0.0
hhsojf , 0.111111111111
hhssa7777 , 0.155555555556
hifopanisyl , 0.0
hilalimutire , 0.333333333333
Hilayoon , 0.0
HILLALYH1957 , 0.106382978723
himanshufanof1d , 0.0666666666667
hinacowenyn , 0.142857142857
HipHopCongress , 0.357142857143
hiqifezivaz , 0.1875
HKR__999 , 0.315789473684
hmadalabdali , 0.102564102564
hmnb444 , 0.25
hms111122 , 0.4
Hn_hn11 , 0.272727272727
HnanFs28 , 0.1
Hnnh195 , 0.170212765957
hnooooooo2014 , 0.166666666667
ho_kaak , 0.0526315789474
HollandBack , 0.10843373494
Honeyalaordia , 0.3125
HoodAlqhtani , 0.333333333333
hoodieatches , 0.2
HoOoR_115 , 0.111111111111
HopeInHearts , 0.105263157895
HopsonRedmanptf , 0.1875
horpesalm , 0.0833333333333
hosam12125ddkm , 0.2
HotGirlsPicsss , 0.285714285714
HotGrannies , 0.2
HOUSEHOLDSTRESS , 0.333333333333
howupimajiwe , 0.0714285714286
howwemeetlove , 0.25
hraaaaag , 0.16
hrab30 , 0.277777777778
hsaaaj , 0.25
Hsanaat , 0.109756097561
HstsKom , 0.176470588235
hudaaljaser , 0.25
hukepyjuciwu , 0.142857142857
huketovezady , 0.142857142857
hukiecom , 0.2
HuntellaDotNet , 0.333333333333
hurtcheep , 0.111111111111
husojowumim , 0.111111111111
husqht99 , 0.166666666667
HusseinBinLafi , 0.093023255814
hussiin833 , 0.121212121212
hvcc96 , 0.333333333333
hxzzamanbunhun , 0.2
hypobyxicefa , 0.230769230769
i3e999e5 , 0.41726618705
I_Abdullah101 , 0.164179104478
I_HATE_VA , 0.333333333333
i_Katreen , 0.25
i_love_you000 , 0.142857142857
i_makahla , 0.16
I_S_I_A_G , 0.157894736842
I_weelly , 0.09375
iAboHya , 0.0769230769231
IamDemiGrace , 0.137931034483
Iamjaydiz , 0.111111111111
iamleonbwayo , 0.145038167939
iammarkcantre , 0.0645161290323
iAnotherMyth , 0.333333333333
ibdatop , 0.130434782609
Ibr_Mohammd , 0.102040816327
ibra7770 , 0.333333333333
ibraa000 , 0.25
ibrahimalhejji , 0.4
Icelandair , 0.333333333333
icepack9999 , 0.0
identicalporpoi , 0.2
IfollowbackTees , 0.157894736842
igot7_MarKP , 0.227272727273
ii1n1 , 0.117647058824
ii__M2 , 0.315789473684
Iiii11i11 , 0.0
iiyfzx , 0.25
iJuanmaOficial , 0.25
iloveharrrrry5 , 0.0
iM989 , 0.25
imam_2013_ , 0.4
imanawithfe , 0.125
ImaneMaftah , 0.125
IminlovetoOneD , 0.166666666667
imo0e , 0.285714285714
iMQarni , 0.0526315789474
iMussad_ , 0.125
ImXy5L1p5LXOUbf , 0.166666666667
inathancameron , 0.0789473684211
indie_music_lyr , 0.333333333333
IndieGameDevBot , 0.0
IndieObsessive , 0.0625
indiewombat , 0.305084745763
infrx , 0.3125
ingenierosfj , 0.0
Inka_nvi , 0.0
inkaseth , 0.25
Inner___Healing , 0.0
insa_raj , 0.166666666667
insasi_456 , 0.0
Inspiirationss , 0.148148148148
intelligentLS , 0.15
INTMUSIC25 , 0.0
iq_rad , 0.107142857143
irenekalondu , 0.153846153846
irish_jackie , 0.35
IrishGuyz , 0.333333333333
irriissh , 0.222222222222
irritatedis , 0.111111111111
irrrish , 0.111111111111
isabelcagulada , 0.142857142857
isabell6277 , 0.0
iSaudMohh , 0.0753424657534
Islamiat_egypt , 0.179487179487
isllllamrere , 0.0
isportsDave , 0.3
IsraelAwdren , 0.15
its_me_lolo , 0.139534883721
itsClem_ , 0.126984126984
itsme_rheyahh04 , 0.105769230769
itsTEDpage , 0.174418604651
Itzmarrwa , 0.194444444444
Iyad2014I , 0.117647058824
IzwadRozaify , 0.0909090909091
J0fMohammed , 0.378378378378
J0R_A , 0.25
jaajaa200 , 0.1
jaameel1374 , 0.433333333333
jaberr1398 , 0.0361445783133
JadeEdwards99 , 0.08
JadexDani , 0.2
jadyqitudoho , 0.214285714286
jagomozygun , 0.0769230769231
Jaguar0904Ru , 0.333333333333
jahacesyruc , 0.0714285714286
jahmadar , 0.075
JamalShaheen77 , 0.166666666667
JaMccuee , 0.2
JamesKerr125 , 0.147058823529
JamesPa72000890 , 0.25
jamiemateoo , 0.555555555556
Janah_aa , 0.0
JAqeeli , 0.25
jasser1223350 , 0.294117647059
java___pal , 0.25
jay_z_lyricss , 0.25
jaya_decora123 , 0.0555555555556
jayamrutia07 , 0.375
jaydy2199 , 0.114285714286
jbieberation , 0.4
Jbird81Jane , 0.111111111111
jdawgie24 , 0.26
JDfenty , 0.294117647059
jdfhfbh , 0.5
JeaniceKeesey , 0.647058823529
jecefysabaj , 0.125
JelaisaLazado , 0.3125
jemalyncj , 0.333333333333
jemproductions7 , 0.0652173913043
Jena_Leadbeater , 0.111111111111
JenLavina , 0.2
JeromelangSr , 0.25641025641
Jerusalem_Post , 0.333333333333
JessicaDrown , 0.5
JessicaLaspada , 0.428571428571
JessycaGarcia2 , 0.093023255814
JesusBranch , 0.0
jetuzykylyr , 0.0769230769231
jfcivjfjfjijcb , 0.333333333333
jhesziieca , 0.0779220779221
jhhhmkg , 0.164556962025
jibalofucut , 0.153846153846
Jim_Capie , 0.0806451612903
jimgarbi78 , 0.0
Jimmyjoe11 , 0.285714285714
jinixefyfod , 0.0769230769231
jjdalcalde , 0.333333333333
jjennifer_lopez , 0.25
jlandrews922 , 0.5
jlferguson50 , 0.0
jllillj , 0.125
jmsmo511 , 0.25
jnrclgrms_31 , 0.181818181818
JNTL22 , 0.166666666667
jnubiah , 0.285714285714
jnwne960 , 0.333333333333
Jobsourceco , 0.244444444444
JohnLukeNYC , 0.357142857143
JohnnyAlphaLion , 0.422222222222
johnwaterlane , 0.0
Johny_18_ , 0.435897435897
johnyderom , 0.125
jojii_jojo , 0.0
JojoAlotaibi2 , 0.142857142857
jokuxonezugy , 0.0769230769231
jonadzy , 0.125
jonimecahor , 0.0769230769231
JooodXx , 0.190476190476
jooooooj36 , 0.357142857143
joory_14_4 , 0.5
josepaulinosan , 0.0
JosephAAyoub , 0.307692307692
JoShPwlllInc , 0.181818181818
JoshTheVINER , 0.2
JoshYOUTUBER , 0.153846153846
Josse1D , 0.133333333333
joumanaowili , 0.0769230769231
jovusifowez , 0.142857142857
JoyReal13 , 0.111111111111
jra7_83 , 0.127272727273
jrmtm50 , 0.285714285714
jsojdkfjsnfkgm2 , 0.0
jugagebetif , 0.133333333333
JujyLove , 0.5
jukymirowuza , 0.0769230769231
JulezPooh , 0.0
julia_crow , 0.106382978723
jumaan_altalhi , 0.0
jumavonivovu , 0.153846153846
junigovexipu , 0.0769230769231
JusPimpn , 0.285714285714
Just21Girls , 0.2
JustAnimalPics , 0.166666666667
JustDoltNike , 0.409090909091
justice_factss_ , 0.285714285714
JustiinDanganan , 0.125
justin94z , 0.153846153846
justinbiebererz , 0.333333333333
justinbrigitte1 , 0.142857142857
justjustinzz , 0.148148148148
juverohuhiru , 0.0769230769231
juvyyyyyyyyyyy , 0.0
juxesonikys , 0.333333333333
jygixazatuti , 0.307692307692
jyvehuretuqu , 0.214285714286
K2018_2 , 0.176470588235
k444441 , 0.0
k54955088 , 0.153846153846
K__q89 , 0.181818181818
k_shebl336 , 0.111111111111
kA_203 , 0.333333333333
kaalid8 , 0.0
KabJombang , 0.1
kacitotexij , 0.0714285714286
kafiboxypet , 0.142857142857
KaitlynKa1tlyn , 0.180327868852
KakaShaher , 0.0869565217391
kalamelkora , 0.0
kaled4694 , 0.434782608696
kaled889984q , 0.209302325581
kaled_2112 , 0.285714285714
kaledabgale , 0.111111111111
kamarzmanha , 0.5
kanarazuikou , 0.0689655172414
KAnne_RadioShow , 0.0714285714286
karalynjane , 0.157894736842
karateloverboy , 0.25
Kareen_Ible , 0.0967741935484
Kat_McNamara , 0.108108108108
kateyoung2226 , 0.0625
KathCollinsss , 0.111111111111
kathfyt , 0.222222222222
kawulzz , 0.12
KeepItNoneHunna , 0.08
KeishaMaylyn , 0.123711340206
Keithzok , 0.129032258065
kelef13981 , 0.454545454545
KELLINDO , 0.121951219512
KellyeChrstie , 0.0666666666667
KellyMarieLD , 0.25
KellyVDolan , 0.0952380952381
kenaz0e , 0.272727272727
KennyArtnsoul , 0.411764705882
KenpoBear , 0.333333333333
keretak2014 , 0.375
KerriBMorris , 0.111111111111
KevinFreedman , 0.166666666667
kh09062307 , 0.285714285714
kh_shmr , 0.466666666667
khadiga_elbira , 0.428571428571
khadija015431 , 0.0
khadran05521555 , 0.333333333333
KhaildJamal , 0.3
khald09046271 , 0.333333333333
Khaled11122212 , 0.506024096386
khaled5n , 0.25
khaled66676 , 0.181818181818
khaled674741 , 0.0
khaled_alqarnii , 0.4
KHALED_M2015 , 0.181818181818
khaledfria , 0.171428571429
khalid077225411 , 0.176470588235
khalid141502 , 0.454545454545
khalidAl_m , 0.0869565217391
khalidkhayyal , 0.0434782608696
KharonKnakielny , 0.227272727273
Kholod11__ , 0.1875
khooollld , 0.333333333333
khuzam999 , 0.0
khwaatr511 , 0.166666666667
kicejyquduxa , 0.0769230769231
KiingJamesBible , 0.444444444444
kilaryqetun , 0.333333333333
KimDoreen_ , 0.344827586207
kimjiwonbobby2 , 0.0666666666667
KimmiOsborne , 0.0
kimunga , 0.162162162162
KindaixLuxy , 0.333333333333
King135_ , 0.333333333333
King_a01 , 0.078125
kingkhgan2050 , 0.121212121212
KINGSTEAF2020 , 0.2
kitkat___1985 , 0.1
kk2211kk511 , 0.333333333333
kkaaeung , 0.333333333333
KKhaled518 , 0.152173913043
kkkk404 , 0.205882352941
KKSA_mood , 0.0
klaaaafh , 0.5
kld_65 , 0.333333333333
klllq , 0.375
km_811 , 0.25
KMSBOA , 0.384615384615
KNasser_Qatar , 0.4
KnewMee , 0.063829787234
KnowingFlame , 0.157894736842
KnowledgeBishop , 0.166666666667
KNW8lZpwyBwiej9 , 0.333333333333
KobokoGCFR , 0.166666666667
Kokaneofficial , 0.5
kolee_shmookh , 0.2
KonateyIsaac , 0.102564102564
konijufapyx , 0.166666666667
kophkapanh , 0.133333333333
Kopria_511 , 0.0769230769231
koyettev17 , 0.111111111111
KranzStithouk , 0.25
Krk2233 , 0.153846153846
krovere5 , 0.3125
KRRowe , 0.333333333333
Ksa_1_vip , 0.0
ksagenalkk , 0.2
ksof95 , 0.333333333333
kuabuboy , 0.285714285714
kumilagha2001 , 0.133333333333
Kumo2022 , 0.0
kuqabulesum , 0.230769230769
kurtevaz , 0.333333333333
kutyvociret , 0.117647058824
kuw_2o , 0.25
Kuw_7r , 0.285714285714
kuwaity_tweet , 0.333333333333
KuwNaderr , 0.0
KUWTK_KKK , 0.172413793103
KW_305 , 0.4
Kw___28 , 0.285714285714
Kw____27 , 0.333333333333
Kwecan , 0.0540540540541
kyjeteketas , 0.0769230769231
kyleerose23 , 0.0943396226415
kylomibefuj , 0.214285714286
L0RD7 , 0.0588235294118
l1l4l , 0.037037037037
l8afah1 , 0.0
l9009l , 0.333333333333
L__V___e , 0.333333333333
labial21 , 0.5
LachhabAli , 0.3
lAdoreWomen , 0.25
ladyalexa199 , 0.25
ladys0lider , 0.241379310345
LadySs , 0.159090909091
Ladyy_Ggaga , 0.25
LAHAYAZAMAN , 0.4
lajina , 0.153846153846
lamloma3 , 0.333333333333
lapletta , 0.25
laqimowemoxo , 0.142857142857
laron_carter , 0.1
laronotofuz , 0.0769230769231
Lashundaadu , 0.0967741935484
latifaziz466 , 0.333333333333
latikibumat , 0.266666666667
lattonh , 0.1
laughin_lloydyy , 0.2
LaureneKipping , 0.764705882353
LauSimmonss , 0.222222222222
Law1784 , 0.428571428571
lawyersaud , 0.4
layla_e2000 , 0.333333333333
Layna_Michelle , 0.333333333333
lazepidanudy , 0.214285714286
Leahbishop_lee , 0.0769230769231
Lean3Jvv , 0.112244897959
ledr11244 , 0.0
LeeGimenez , 0.25
LeLeOfficialll , 0.111111111111
leniinnn , 0.222222222222
lenniin , 0.222222222222
lesikibenex , 0.0769230769231
letyxixipoki , 0.0769230769231
LevelUpDudeTV , 0.425531914894
lhtah305 , 0.333333333333
LhynnBlack , 0.333333333333
LiamDineenMusic , 0.108108108108
Liamesis , 0.0165289256198
LiamMcEwan , 0.233333333333
liarlydiaxz , 0.4
LibbyKayOnAir , 0.444444444444
librascopehere , 0.333333333333
LibsWantMeDead , 0.0
lidiane_mayara , 0.176470588235
LifeAsABarbiie , 0.0666666666667
ligehinybily , 0.3125
LightsTheMag , 0.170212765957
ligodocaqyc , 0.133333333333
lijesarazazu , 0.0769230769231
lil_mwau , 0.125
LILBTHEBASEDGOD , 0.0714285714286
lilian_lomboy , 0.0909090909091
LilithAono , 0.25
liljon68025 , 0.107142857143
lillith_1 , 0.333333333333
LilMamacitaDont , 0.333333333333
lilyallenalili , 0.166666666667
lindseybbridges , 0.3
linggaageng , 0.0833333333333
Lisan1Lisa , 0.16
LiveLoveFindra , 0.130434782609
lizociqarop , 0.0769230769231
ljhamilton88 , 0.333333333333
lkooo3 , 0.2
llas9 , 0.122448979592
llodi_x , 0.24
lm_GrumpyCat , 0.25
lmr00991 , 0.0769230769231
Lo0olo075 , 0.333333333333
loayos2005 , 0.2
LogicAutomotive , 0.162790697674
LoginMohammed , 0.277777777778
logorrheasweep , 0.111111111111
lohikamypuni , 0.0769230769231
Lolo1212913 , 0.12
lombardapompe , 0.0
london33_dalal , 0.323943661972
lonohekyrix , 0.0625
lookatf , 0.121621621622
Loove_k_s_a , 0.16
looz86 , 0.333333333333
LordIsWithYou , 0.25
LordLouis3 , 0.0
LorenzoPerezV1 , 0.333333333333
loroxoditite , 0.0769230769231
lovable_facts , 0.333333333333
Love4OurLives , 0.0555555555556
Love_Hamati , 0.178571428571
love_the_pain14 , 0.0555555555556
LoveeMessages , 0.25
LoveForBeginner , 0.25
lovejuneann , 0.533333333333
lovekissme4 , 0.344827586207
LoveNoteSweety , 0.25
loveprvr , 0.333333333333
LoverSayings , 0.0
lozidyrexyho , 0.333333333333
lpph23ap3ct5 , 0.217391304348
lsidrodydee , 0.112903225806
Ltd_To_Two , 0.333333333333
ltoof_al , 0.133333333333
ltt7p1 , 0.366666666667
LubnaAlshegry , 0.430769230769
lubumijogilo , 0.153846153846
lud_junq , 0.125
Luffiyaa95 , 0.2
lufilocaves , 0.0769230769231
luisalarosa , 0.458333333333
luizvitor1001 , 0.0
lukepottermusic , 0.142857142857
LukeSharpMusic , 0.108108108108
lumpishcamel , 0.2
luryxypicad , 0.0769230769231
lyhacoroheme , 0.333333333333
lylidamydyha , 0.142857142857
lynn_nich , 0.333333333333
lynnmcrae9 , 0.363636363636
lyricsbst , 0.333333333333
lyriiclyric , 0.222222222222
lyzosafowuca , 0.153846153846
LZRSDNATLA , 0.166666666667
m0nedaVenezuela , 0.333333333333
M0sa_m , 0.157894736842
m20314_g20 , 0.315789473684
m2o12na , 0.166666666667
M33m_3 , 0.0
M7addraby , 0.102272727273
m7amd_7025 , 0.1
M7ammed_Ali , 0.135338345865
m7m_d55 , 0.0909090909091
m7madd_ , 0.037037037037
m7mdbnblal , 0.103448275862
M7mdmm972 , 0.153846153846
m86v , 0.333333333333
m91385000 , 0.111111111111
M_7GB , 0.2
m__559 , 0.25
M_A___1 , 0.111111111111
m_al3jrmi , 0.0
m_al_sh_11 , 0.333333333333
M_B1o , 0.1
m_iss12 , 0.1875
m_r_588 , 0.166666666667
m_s_m_186 , 0.137254901961
ma5malii , 0.25
ma7mudjaber , 0.216216216216
Ma7sodeen_Q8 , 0.0714285714286
maaddonna , 0.222222222222
maahmooood , 0.25
mabelsay , 0.25
mackerelpaunchy , 0.2
MACKYBEKI , 0.25
Madcowboys88 , 0.135135135135
madd_gaza1 , 0.387096774194
Madi_ashleigh03 , 0.129032258065
Magruff_LE , 0.363636363636
mahal1394 , 0.666666666667
MahataBapan , 0.162162162162
Mahatat1 , 0.30612244898
maherr_511 , 0.0714285714286
mahimahi_fan , 0.4
mahmaa41 , 0.333333333333
mahmoudgaafary , 0.25
mahmoudshimaa20 , 0.157894736842
MAHMUDJABER , 0.1875
maiaf250 , 0.176470588235
Maihab1983 , 0.333333333333
maisamadi , 0.214285714286
maj000de , 0.168421052632
majaadhatem , 0.25
majd444 , 0.4
majed76612 , 0.25
majed_019 , 0.222222222222
MAJED_ZZ , 0.0769230769231
majedhalanzi_q8 , 0.176470588235
malken7 , 0.176470588235
Maloktk_5F , 0.181818181818
malook4444 , 0.159663865546
malsumait , 0.166666666667
mamduh , 0.333333333333
manairport , 0.0454545454545
Manal12I , 0.0
ManCandyDaiIy , 0.130434782609
mangledshade , 0.2
mano611 , 0.09375
mansour_alqaisi , 0.444444444444
mar7ab10 , 0.333333333333
marakosini , 0.222222222222
marcantoine92 , 0.0
Marco__Cimino , 0.285714285714
mariamhasan12 , 0.08
MarianoTorre1 , 0.2
marie_moteko , 0.459459459459
MariillynMonroe , 0.142857142857
MarinePolicy , 0.142857142857
marinhodenis1 , 0.128205128205
marion1100 , 0.0
marktheshark , 0.194444444444
MarnolostersILO , 0.117647058824
mars0o , 0.3
maruyamasigeo1 , 0.125
MarvinKura_ , 0.111111111111
maryem160 , 0.4
marylene58 , 0.0
masare444489 , 0.2
Mashalasolma , 0.41935483871
Masiratna , 0.115789473684
masogujolypa , 0.214285714286
masonandroid , 0.0
masseranolabs , 0.0909090909091
MathNeil , 0.2
MatindeLines , 0.111111111111
matrood12345 , 0.27027027027
Matt_JR18 , 0.222222222222
Mattarjarrah , 0.260869565217
MattCraigMorris , 0.121951219512
MauApaYah , 0.458333333333
mavaserovem , 0.2
MavsNationNet , 0.384615384615
MazMEDEA , 0.428571428571
mbemcellewet , 0.08
MbHomy , 0.2
mbr_saudi , 0.214285714286
McluckyG , 0.333333333333
McNuel64 , 0.384615384615
Md111F , 0.416666666667
mda090 , 0.388888888889
Mdallah_K_S_A , 0.222222222222
mdj17 , 0.3
mdrasa , 0.0816326530612
Me9_19 , 0.333333333333
meaduk , 0.0
meanchough , 0.2
meCarolSanders , 0.2
mechawarotabot , 0.2
medadel10 , 0.161290322581
MediaMan2009 , 0.285714285714
MedSymptoms , 0.310344827586
meeeowlouis , 0.285714285714
meeme5667901 , 0.130434782609
Megan14Matthews , 0.15
meliesel , 0.222222222222
memo_jad , 0.152542372881
memoo5u , 0.172413793103
memusuhytoti , 0.133333333333
memy1115 , 0.1
MendelsonAcad , 0.35
meqobahodywa , 0.235294117647
merta7_11 , 0.166666666667
Mervyn_Taxi , 0.266666666667
mesa1928 , 0.222222222222
mesharifahmi , 0.0350877192982
Meyer___000 , 0.0
mfevzicengiz , 0.0747663551402
MfhiDiary , 0.2
MFordFuture , 0.214285714286
mgroooh_w , 0.0792079207921
mhamadkhair1969 , 0.384615384615
mhb11001 , 0.166666666667
Mhh_1435 , 0.375
mhlove555 , 0.19512195122
mhmd_hkami , 0.0
mhmll55 , 0.142857142857
mhmp1020 , 0.333333333333
mhnger , 0.166666666667
mHo_FuTz , 0.0
mhoammad162 , 0.0454545454545
MHYOoOB , 0.285714285714
MiaElizabeth98 , 0.333333333333
miaxzjm , 0.25
micksparky , 0.3125
MickyNeilson , 0.0985915492958
migozuwaris , 0.153846153846
migrahani , 0.0
MikeJMele , 0.4
mikemodzelewski , 0.318181818182
MikeTokes , 0.132075471698
MiKy045 , 0.583333333333
MILKTYSON , 0.119047619048
MinaANDMaya , 0.2
Mirhlon , 0.0588235294118
Mirna_Yousef , 0.027027027027
misharyadel_ , 0.128205128205
Miss_Missionary , 0.230769230769
missA__fei87 , 0.2
misshunter10 , 0.4
mitlesh_chauhan , 0.184210526316
mitofiin , 0.181818181818
mitowymojel , 0.0769230769231
MJacksonHD , 0.298245614035
mjgranger1 , 0.285714285714
mkcg6632 , 0.2
mkj00 , 0.125
mlak_hh , 0.137931034483
mlekh2010 , 0.138888888889
MLionz , 0.1
MLTA3_KUW , 0.111111111111
MLutherQuuotes , 0.148148148148
mm123mm112233 , 0.181818181818
mm915407 , 0.233333333333
mm_coinss , 0.444444444444
mmaddonnna , 0.222222222222
mmm51151 , 0.1
MMMMMM077 , 0.0666666666667
MmmMsf2015 , 0.25
MmMn1979104 , 0.0
mmmodeee24 , 0.166666666667
mmmsssaaam , 0.333333333333
mmosa122 , 0.109090909091
Mms__70 , 0.0666666666667
Mmsss_1234 , 0.0
MNK3W8i , 0.16
mnnhay24 , 0.4
mnooori_11 , 0.130434782609
mo__la , 0.0
mobark1434 , 0.0776699029126
Mobark9090 , 0.122448979592
mocyvazenic , 0.333333333333
modajipitely , 0.230769230769
moeager , 0.3
MogadishuNews , 0.136363636364
MOGAREDAQ8 , 0.25
mogebuwujifo , 0.142857142857
moh_omar_ , 0.333333333333
mohamad_Alzidan , 0.208955223881
MohamadMohannd , 0.2
mohamdalshran20 , 0.25
MohamedEldfrawy , 0.363636363636
mohamedmakhrat , 0.176470588235
mohamedrokay2 , 0.0
mohamedsaiedzah , 0.2
mohammad050101 , 0.172413793103
mohammad48578 , 0.4
Mohammad_nsaeed , 0.132352941176
mohammed2012d , 0.0769230769231
mohammed6255 , 0.25
Mohammed_sulima , 0.333333333333
MohammedAlorafa , 0.142857142857
MohemedNouar , 0.0
mohmdAlhumidi , 0.285714285714
MohmeDElSntrisy , 0.0
mohrb9991 , 0.2
Moka_alenzi , 0.333333333333
MonaFigueroa11 , 0.0
Montemayor_xD , 0.0833333333333
moooooon232 , 0.0
MoreFireGames , 0.157142857143
mos_foulest , 0.0816326530612
mosaabaltmemi , 0.133333333333
MosabCr , 0.315789473684
mosawa12 , 0.6
mostafa_7777 , 0.148148148148
mostafafat90m , 0.0
MotivateMeLife , 0.25
motivation653 , 0.222222222222
MotSuccess , 0.25
movieqotes , 0.166666666667
mozelle46563 , 0.5
Mr__TaReq , 0.266666666667
mr_alhamoudi , 0.0892857142857
mr_asooom , 0.0
Mr_M7mD_M , 0.166666666667
Mr_Mohmmad_20 , 0.4
Mr_popular , 0.148148148148
MrAbdulQ8 , 0.166666666667
MrCPerez , 0.2
MrEsam36 , 0.166666666667
mrlove110 , 0.2
MrReimey , 0.0
mrzai4u , 0.112903225806
ms_shoo1 , 0.102564102564
ms_troose , 0.333333333333
msarefk , 0.0909090909091
MsCarterCelFab , 0.178571428571
msho2260 , 0.111111111111
msk105msk , 0.333333333333
msm7014 , 0.178571428571
mstreh_2 , 0.125
mswzm , 0.05
MSYR_2015 , 0.333333333333
mt2014a , 0.0909090909091
mt555222 , 0.0192307692308
mt959339 , 0.103448275862
mudaqqeq , 0.333333333333
Muhammad69771 , 0.142857142857
muhsen19840 , 0.0918367346939
Mujahid9090 , 0.111111111111
mujeedcom , 0.44
mukearoons , 0.0
Mum_2000 , 0.25
mumygyhapoti , 0.0869565217391
muningning , 0.133333333333
musfrhmed , 0.125
MusicArtCrea , 0.3
musicartisthere , 0.25
mussad77 , 0.0
mutosulycas , 0.285714285714
muvuwoceqaf , 0.153846153846
Mwaadee3 , 0.111111111111
mwomenhistory , 0.25
mylajefydine , 0.0714285714286
mylarryone , 0.166666666667
mylujuqeliv , 0.214285714286
myqyzutubiba , 0.1875
MysticRiver435 , 0.108695652174
N18__a , 0.15
n1bil , 0.0
n52355 , 0.0615384615385
n__n_vip , 0.166666666667
N_htc2 , 0.117647058824
n_m_kas_511 , 0.2
N_Neji_HYUUGA , 0.0
n_nma9 , 0.5
na3ksa , 0.3
Na7aLKuwaiTy , 0.137254901961
na7lm5 , 0.166666666667
naa9911 , 0.25
nabil_taee , 0.0
nacilepelican , 0.5
nada2233051059 , 0.0909090909091
nada3322 , 0.142857142857
nagm_suhail , 0.116883116883
naif1984 , 0.363636363636
naif1m1 , 0.0882352941176
naif_370 , 0.396825396825
naif_al3nzy2 , 0.15625
naifvo , 0.125
najeeb14986 , 0.0
nakruza8377 , 0.0714285714286
nanewaxuqax , 0.214285714286
Nano_eShop , 0.307692307692
Napwell , 0.0833333333333
NARRYFRIIES , 0.333333333333
naseeraljreed , 0.25
nashtyforlife_ , 0.0
nasser3649 , 0.0746268656716
NASSER4452 , 0.5
nasser813 , 0.5
nasser88time , 0.142857142857
nassereem1300 , 0.25
nassernasser713 , 0.222222222222
nassr6263 , 0.333333333333
natejturner , 0.142857142857
NatSeek , 0.166666666667
naughtyguyanan , 0.111111111111
NaveenInsan4 , 0.157894736842
navenemadeqy , 0.214285714286
Nawaf__alnashmi , 0.25
nawalkamees , 0.333333333333
Nawras1989 , 0.0
nayefbnfazel , 0.0
nazf999 , 0.25
NdzaviD , 0.166666666667
necafakazewu , 0.0769230769231
necifirajejo , 0.333333333333
neconnected , 0.363636363636
neek993 , 0.119047619048
NeeseChris , 0.4
NEFollowers , 0.25
negibefojov , 0.153846153846
nejahihidal , 0.333333333333
NelsonRGSnider , 0.0520833333333
netegucutut , 0.0714285714286
NetworkLessons , 0.046875
news_korasa , 0.5
NFC_A24 , 0.146341463415
ngytb , 0.150943396226
NHSIQJessica , 0.120879120879
ni20ni20 , 0.1875
nialllovesyousp , 0.0
NiallMe21 , 0.0166666666667
NiallsBrother , 0.333333333333
Nice123H , 0.384615384615
NickyR_H , 0.25
Nico__Piriz , 0.157894736842
nicolasibarra2 , 0.272727272727
NicoRomeu , 0.2
nidhdjneje , 0.0
Nidoi , 0.113636363636
ninaswe08258138 , 0.210526315789
nivea_mc , 0.333333333333
njcar , 0.031914893617
njhmendestapes , 0.125
njoiuiijij22 , 0.25
njuniorcosta , 0.333333333333
nm7_yusuke , 0.102564102564
nneq20111 , 0.333333333333
nnkk344321 , 0.0
nnxx58 , 0.333333333333
noaf1009 , 0.0
noduledivulge , 0.2
noibiz0115 , 0.244897959184
nolotyzynic , 0.2
NonnaShea , 0.25
nonprofitcoffee , 0.116279069767
NooF__36 , 0.333333333333
noofa326 , 0.0909090909091
noofee95 , 0.2
noofm15 , 0.0
Nor_tuwaijri , 0.2
nora56510476 , 0.0
norinoaf667 , 0.166666666667
notahufflepuff_ , 0.142857142857
NoticeandThough , 0.363636363636
NotLovelyTED , 0.25
NottsSexyPhotos , 0.375
Noufal_ameen , 0.0
nouraiiiii , 0.25
NRDAx , 0.220858895706
nsaem_imanyah , 0.181818181818
nseemalhwa123 , 0.25
nsm6363 , 0.104651162791
nu8II , 0.333333333333
nugikisizik , 0.0666666666667
nuhebudohyh , 0.0769230769231
numberb00k , 0.0833333333333
numberb0ok , 0.0909090909091
nUof8SWhQvVRTKl , 0.142857142857
nycylapaloxy , 0.0714285714286
nytejogupit , 0.133333333333
nyvuxuqozevi , 0.0714285714286
O3___3 , 0.368421052632
o50o50 , 0.0
o__60 , 0.125
obadara_basit , 0.428571428571
ObadareTohBadt , 0.25
obaidul23102553 , 0.333333333333
Obi_Obadike , 0.146341463415
ObrienpicFr , 0.4
obsessedcackle , 0.111111111111
Od2014X , 0.2
ODirectionLyric , 0.25
OfficialHeroo , 0.111111111111
ohjongdaepng , 0.166666666667
ohmylifeposts , 0.428571428571
Ok9998 , 0.2
okaykys , 0.4
okxokx , 0.0666666666667
oldlukeshit , 0.5
oldwomen11 , 0.333333333333
OliverAyreArt , 0.375
omannewstoday , 0.434782608696
Omar_Alkhaja , 0.32
Omar_Almulhem , 0.0612244897959
omar_kaliid , 0.162162162162
omarrr55 , 0.666666666667
omarsalem94 , 0.0869565217391
omaryahya658 , 0.148936170213
OmerRuhlu , 0.25
omgFactsWow , 0.230769230769
omhammms16 , 0.4
ommihammadkwt , 0.0
one_harry_one_ , 0.166666666667
oneluvpooh , 0.333333333333
OnIyHistory , 0.333333333333
online_insight , 0.285714285714
OnlineBizss , 0.269230769231
OnlyMinionQuote , 0.25
oo8770 , 0.333333333333
ooaa0 , 0.6
OohLalaloves , 0.0
oohtheunder , 0.111111111111
oonk101 , 0.25
ooooooi123 , 0.333333333333
Oooso22 , 0.0
OoredooKuwait , 0.3
OoSyco , 0.0909090909091
OP430 , 0.428571428571
oppaiguy , 0.333333333333
Opulenzabaths , 0.25
oq2224 , 0.135593220339
oranset , 0.3125
ORGXSMHEMMO , 0.0
Osamashatnawi3 , 0.0952380952381
osnapitzhayley , 0.0625
othman_jaber , 0.333333333333
OthmanCRsixteen , 0.375
Ou_Prg , 0.0
oudyy , 0.128571428571
oumimasanori , 0.111111111111
OurReIationship , 0.230769230769
Outshyne , 0.285714285714
own2014own , 0.117647058824
P_Networking , 0.0
PacificCove , 0.333333333333
padar8008 , 0.08
pahar222 , 0.139534883721
pallap1 , 0.142857142857
papalvisitph , 0.0714285714286
PaperFury , 0.260869565217
paris_hiltonn_ , 0.285714285714
ParisBakerAngel , 0.0
PartitionWatch , 0.133333333333
patentbuddy , 0.384615384615
paul_breton , 0.1
PauleyMarinofpf , 0.1875
paultgoldman , 0.222222222222
PaulWorcester , 0.307692307692
pauseimperfect , 0.222222222222
peaceandmodesty , 0.158415841584
PeaceandQuite_ , 0.25
peasantbring , 0.111111111111
pedejeriruf , 0.0869565217391
PepFTV , 0.0689655172414
PequueGrier , 0.4
Perfect_AWisdom , 0.25
periyakulam , 0.2
perossmeisl , 0.222222222222
pettypair , 0.111111111111
pevalibilyq , 0.142857142857
PhDinNursing , 0.0444444444444
photo_999 , 0.135593220339
Piamime , 0.117647058824
pidybefebega , 0.0769230769231
pihalywikebu , 0.0666666666667
pihyfezofom , 0.0769230769231
pikiyol , 0.0909090909091
pinkthesingerr , 0.2
pirisaviben , 0.133333333333
pizyfezyvemi , 0.2
PlayMMOPokemon , 0.0
PLDT_Cares , 0.333333333333
pljulia50 , 0.285714285714
pm_mehra , 0.4
po87_ , 0.2
Pokemon_MMO , 0.0
PoliticalLaughs , 0.333333333333
Poookiieee , 0.138888888889
popsuncovered , 0.2
PositiveLiifeee , 0.0740740740741
PottleMark , 0.375
powell_russ , 0.274336283186
PRaksachon , 0.0882352941176
PrankInvasion , 0.120481927711
prawnsloutish , 0.111111111111
prayerballoons , 0.266666666667
premiummurmur , 0.111111111111
prencevip , 0.111111111111
printne , 0.139534883721
prixline , 0.291666666667
Prkshin , 0.0
ProAIMTrader , 0.0882352941176
ProjectServerNL , 0.177777777778
prtey , 0.285714285714
pubiwocaqihu , 0.0769230769231
punemykadyg , 0.333333333333
PuodMary , 0.0
pupedijuvax , 0.153846153846
purushueme , 0.2
pussybitch19 , 0.0
puwynelinuq , 0.176470588235
puzupabohojy , 0.214285714286
puzzlebuzzz , 0.2
pvatv111 , 0.166666666667
pycuxiwilut , 0.0769230769231
pypynaga , 0.133333333333
pzq9 , 0.121621621622
Q39f4 , 0.125
q77a , 0.139240506329
q8601 , 0.5
Q8_ENG_ , 0.16
q8_shamekh , 0.3
q8_York , 0.285714285714
q8gff , 0.2
Q8khaild , 0.0
Q8ytawia , 0.0
q9qq9 , 0.348837209302
q_h27 , 0.166666666667
Q_Q2013_ , 0.132075471698
Q_Q_30 , 0.142857142857
Qa99ed , 0.142857142857
Qadibook , 0.272727272727
qadoroduqox , 0.0625
qaies_love , 0.5
qajovepiqys , 0.235294117647
QAltarawneh , 0.5
qandil_mahmoud , 0.285714285714
qatari_mfhy , 0.380952380952
qazalah1 , 0.117647058824
qertyui5521 , 0.25
qevisuxamen , 0.1875
qlm_hilali , 0.0757575757576
qobikyxilugi , 0.0769230769231
qoqojapazud , 0.333333333333
qosaimhmd , 0.363636363636
qq8kuwaitq8 , 0.0
Qsilver22 , 0.0
quickstap , 0.105263157895
quotedojo , 0.333333333333
Quotes4OurLives , 0.111111111111
quotessphere , 0.333333333333
quseherogib , 0.153846153846
quvisyhepore , 0.153846153846
quvugawosyz , 0.153846153846
qwermlp , 0.321428571429
qwerty20142 , 0.2
qycanytabek , 0.0714285714286
qyhesukijise , 0.133333333333
qyryziceloba , 0.153846153846
qywenunuvexu , 0.0769230769231
R2014Rahil , 0.133333333333
R_7d , 0.384615384615
R_Bastola , 0.235294117647
r_mr75 , 0.208333333333
R_mx1 , 0.2
ra3ialsamra , 0.357142857143
rabahali5 , 0.1
raedabdoh , 0.166666666667
RaghvirInsan , 0.5
Rahaf_ss3 , 0.166666666667
Raheek_TweeT , 0.0
rahhoomm600 , 0.1
RahmatullahGran , 0.444444444444
raid29041 , 0.134615384615
RAINBOWedROSES , 0.145454545455
RaisaFryer , 0.111111111111
RakanAlkhobar , 0.279069767442
rakanm2 , 0.2
RakestrawJeff , 0.315789473684
ralffster , 0.155555555556
ramadannagy3 , 0.2
ramialahmed , 0.333333333333
Rana56108785 , 0.25
RandomFacttss_ , 0.148148148148
Raned4108 , 0.5
Raouom11 , 0.140350877193
rashedha111 , 0.0909090909091
RateMyKnockers , 0.181818181818
RawanAletaibi , 0.146341463415
RawanAlT1989 , 0.4
rawudekotuzu , 0.0769230769231
RC8Leon , 0.0
rdg555556 , 0.0
RDRonaldauthor , 0.375
readbverses , 0.3
Real_caller , 0.1
rebearzate , 0.470588235294
Rebeckapy , 0.222222222222
ReburnKelly , 0.421052631579
Red_Web_Design , 0.2
Redlester99 , 0.3
ReggaetonDT , 0.25
rejehewuralo , 0.0666666666667
relax95_ , 0.142857142857
relygoruruto , 0.25
REM__1957 , 0.0909090909091
Rene , 0.2
ReneJoile , 0.294117647059
reptileorgazm , 0.1
Resultbetting , 0.185185185185
ReThink_ADHD , 0.25
Retweet_1000000 , 0.285714285714
retweet_love_qt , 0.0
retwet_i , 0.365853658537
retwt_shomer , 0.153846153846
reus__9 , 0.333333333333
RevivalistHepzi , 0.361111111111
RevKDW , 0.148148148148
Reyy_Reyy_ , 0.0975609756098
rg09876 , 0.0
RHEiNREiGNs , 0.0740740740741
rhh881 , 0.25
Rhom544 , 0.0740740740741
rhsl2 , 0.0851063829787
RicciEngelflp , 0.1875
richardevans144 , 0.1875
riletuvanex , 0.0714285714286
Ririzzm , 0.0181818181818
RisingSign , 0.444444444444
RiskRank , 0.5
Rita87884022 , 0.2
rizimetomyno , 0.294117647059
RK1414R , 0.153846153846
rkendobe , 0.0
rmortimermangal , 0.190476190476
rmz__24 , 0.25
Rnh_22 , 0.0975609756098
RobakaResearch , 0.2
Rocio_Meaurio , 0.047619047619
ROES_Q8 , 0.2
rollyncordova , 0.3
romansuarez_ , 0.148936170213
Romio_18 , 0.135135135135
Ron92211 , 0.333333333333
RonChatterjee7 , 0.0
Rondell_Trevino , 0.406779661017
rono1434 , 0.25
roo7_1413 , 0.0588235294118
RoooR02 , 0.0384615384615
RoOosa123 , 0.3
rootshell99999 , 0.192307692308
rory_rory151 , 0.0625
rossdenholm980 , 0.0740740740741
roughliterature , 0.0714285714286
RPGOnlineGame , 0.0
Rreeooom , 0.25
rrenad200 , 0.368421052632
Rrqq18 , 0.214285714286
Rs499 , 0.380952380952
RSeemo , 0.5
RT__4G , 0.333333333333
Rt_fai9al , 0.0
Rt_j20 , 0.117647058824
Rt_kuwait511 , 0.214285714286
Rt_My , 0.0
RT_Tubaa , 0.333333333333
rt_weet5 , 0.166666666667
rta_ , 0.142857142857
rubensteinbooks , 0.15
Rubn_Daro1 , 0.2
rubydennissee , 0.333333333333
rudyjefuqivi , 0.153846153846
rugbyrumbling , 0.111111111111
rugygunuquto , 0.0714285714286
rujusasubyle , 0.0769230769231
rumokomymiv , 0.125
rutezydywoh , 0.0666666666667
rwan199023 , 0.272727272727
ryan_triana , 0.09375
rypefykukibe , 0.0769230769231
ryzimoxevuqy , 0.0714285714286
rzh_j , 0.0540540540541
s0566100022 , 0.25
s3ood_sara , 0.285714285714
s91682199 , 0.333333333333
s9sky , 0.172413793103
S_10_s__ , 0.222222222222
s_directioner13 , 0.142857142857
S_Satchidananda , 0.571428571429
sa1239a , 0.0714285714286
SA1971d , 0.352941176471
sa99899 , 0.571428571429
sa__03 , 0.268292682927
saad1481 , 0.269230769231
saad3312000 , 0.333333333333
saad_20223 , 0.452054794521
saadAlbeeshi , 0.15625
saah15 , 0.181818181818
saamd36 , 0.375
saboutmylife , 0.115384615385
sabri0550_dz , 0.2
sacisakodijy , 0.153846153846
sada2aa , 0.214285714286
sadalisekyxu , 0.583333333333
saed222226 , 0.12
SaedklodS , 0.25
saeef1112 , 0.233333333333
SafaaImrazeeq , 0.0
safaaNabeeh , 0.166666666667
safahi12385 , 0.296296296296
SafaMalik97 , 0.25
safass14 , 0.0
sage_lady , 0.277777777778
sager206060gma1 , 0.0
sagr99988 , 0.333333333333
Saher1289 , 0.0909090909091
sahomorizupo , 0.0769230769231
sahsoh100 , 0.166666666667
SahuPradipta , 0.333333333333
Said6696 , 0.166666666667
saifalsahali , 0.134020618557
SAIFDEHAYES , 0.333333333333
saiffares140242 , 0.0769230769231
sailoutkilam , 0.0
SaintsTravel , 0.102564102564
sak_1000 , 0.0833333333333
Saleen107 , 0.323529411765
saleh20143608 , 0.147058823529
saleh_alknani , 0.0
saleh_alterkawi , 0.285714285714
saleh_misbah , 0.454545454545
SalehAlNasri , 0.111111111111
salehalqaadi , 0.333333333333
salemalgaload , 0.333333333333
salemalhishi , 0.333333333333
SalfiBooks , 0.3
salimxoxo , 0.333333333333
salleh2562 , 0.3125
sallyjordon1 , 0.333333333333
salman201salman , 0.0
salooh62740299 , 0.333333333333
saloom_akj , 0.25
Sam_x99 , 0.333333333333
SamanthaCartel , 0.4
samehtanios , 0.0
samerliil , 0.0
samHoorm , 0.0
sami8839 , 0.5
samii881 , 0.388888888889
SamiImas1427 , 0.3
samoriarty , 0.111111111111
samt1123 , 0.333333333333
sandisk7777 , 0.142857142857
Sandra_M_Bell , 0.193548387097
sanshikiiipee , 0.173913043478
sanxfransokyo , 0.181818181818
sapiosanct , 0.0
saqer_35 , 0.333333333333
saqeremucacu , 0.133333333333
sara_2ldoosri , 0.285714285714
saraalshmare , 0.391304347826
sarahddd2014 , 0.0909090909091
SarahDraca , 0.0
SarahSsse , 0.166666666667
sas201416 , 0.333333333333
SaSami12324 , 0.333333333333
saud2346 , 0.25
saud94x , 0.142857142857
saudagarboy , 0.166666666667
saudi_booking2 , 0.166666666667
saudi_ca , 0.333333333333
saveSelfie_ , 0.25
savilozemovu , 0.285714285714
savubakojod , 0.214285714286
Say_itaint_MAYO , 0.296296296296
Scarter52614 , 0.25
scazycat , 0.294117647059
schelske , 0.333333333333
Scorpion9009 , 0.25
scunnybyrne , 0.130952380952
sdghvxghb4567 , 0.125
Sdqat22 , 0.3
SeanGaredo , 0.125
sedaguzeloglu , 0.25
SeeligSly , 0.0
Seemoo17a , 0.153846153846
SeeserYy , 0.0
sehyfudivyk , 0.0714285714286
selajatipok , 0.2
self___improve , 0.0
Selleenerr , 0.111111111111
Sem50000005 , 0.25
senisofonoki , 0.0666666666667
serenityhart , 0.0666666666667
SermonPrep , 0.0952380952381
sewimytylaxe , 0.0714285714286
SexTradeGetOut , 0.291666666667
SFheed , 0.222222222222
sfsf14001 , 0.2
sgc58 , 0.333333333333
Sh007Sh00 , 0.0
Sh3rhaq8i , 0.0909090909091
Sh_Alblwy , 0.205128205128
SH_q6q , 0.153846153846
shaaaamkh5 , 0.375
shaddadi2013 , 0.363636363636
shahad2002a , 0.666666666667
ShaharaniAL , 0.333333333333
shaikha____s , 0.147540983607
shaileshshelar5 , 0.4
shakespeareqtes , 0.333333333333
shakita_binda , 0.051724137931
sham5121 , 0.0555555555556
shao0oo , 0.25
shayoumah , 0.136363636364
sheikh_ksa , 0.333333333333
SheilaCarle , 0.2
Shekau , 0.166666666667
sheldoncooperis , 0.333333333333
shellieblum , 0.0
Sherryzzo , 0.176470588235
sherwanaga , 0.0
sherwinjtb , 0.178571428571
shestokas , 0.4
shmali63 , 0.166666666667
SHMutiri56 , 0.0
ShooshAlma , 0.142857142857
shoplivedan330 , 0.0555555555556
shortcatnet , 0.411764705882
Shosh25_A , 0.36
shrewsmorris , 0.0
shrooq_alsaid , 0.166666666667
shroug200 , 0.181818181818
shuklaravi465 , 0.075
shw_islamy , 0.260869565217
shwo_chocolate , 0.047619047619
shxiia , 0.0909090909091
sif2012s , 0.0666666666667
sigihedawofu , 0.153846153846
sigmapaintsme , 0.25
silent_188 , 0.176470588235
simoo69 , 0.2
sinalo_yeko , 0.2
sintrastyles , 0.333333333333
sinuvehatoc , 0.0714285714286
siqebanynaj , 0.153846153846
SittaAndy , 0.0892857142857
sky_arab_ , 0.333333333333
Slawek664 , 0.333333333333
Slfr1231 , 0.0888888888889
slimanqs , 0.416666666667
slimshady1313 , 0.0857142857143
slowe36406127 , 0.0909090909091
slw0507769348 , 0.4
SmalHans , 0.0416666666667
smartbird3 , 0.078431372549
smf503 , 0.333333333333
SmiIeTweetss , 0.260869565217
Smile443 , 0.0714285714286
Smile_5o , 0.340425531915
smilingbluedog , 0.0
sminoctl , 0.173913043478
Smo02 , 0.333333333333
Smtt0_ , 0.242424242424
sna3i , 0.166666666667
snakdkf , 0.15
SnchzEdu , 0.140625
soade_11 , 0.166666666667
social_mediaSA , 0.010989010989
SoftNews3 , 0.0666666666667
SohaOsimi , 0.3
SOL5036yaoo1 , 0.2
SolutionChicago , 0.0740740740741
somayasaleh1965 , 0.333333333333
SomosPalencia , 0.133333333333
somywogygoxu , 0.176470588235
sooma645 , 0.1
Soome_sm , 0.25
Sooz50k , 0.135135135135
SophieBrownings , 0.444444444444
SoSmileyTweets , 0.230769230769
soso12243129460 , 0.133333333333
soudawayd , 0.0454545454545
sougo_ainyan , 0.166666666667
Soulben54 , 0.0
soultan9_0 , 0.0833333333333
Sowers1999 , 0.5
spadoll , 0.285714285714
spewclank , 0.2
spiffyeek , 0.2
spiritualitydev , 0.0
SportAlerts , 0.117647058824
SPSS01 , 0.25
sr_ben_ , 0.190476190476
sraa_kh , 0.163636363636
srmn8 , 0.285714285714
srsrsrsr88 , 0.444444444444
ss12345939 , 0.3
ss28226408 , 0.288888888889
ss5432161 , 0.0
SsaaaMi , 0.154929577465
ssady23 , 0.212121212121
ssaldalaan , 0.222222222222
ssarah__12345 , 0.0
ssbbaa123 , 0.129032258065
ssm906 , 0.0769230769231
sssdad2924 , 0.333333333333
Ssuperrnatural , 0.304347826087
sszzxx344 , 0.166666666667
staceyzing , 0.2
Staffierescue , 0.304347826087
stagewritemusic , 0.0
stangerards , 0.285714285714
StarCity_zulfi , 0.112244897959
StartupReport , 0.428571428571
stephmignon , 0.238095238095
Stevendavidbyru , 0.222222222222
stgert , 0.125
store_sahad , 0.114285714286
StreetRachelM , 0.4
STU_ACTOR , 0.136363636364
Stud_Stallion69 , 0.0526315789474
STUDENT_UK_KSA , 0.12
StylePremiere , 0.333333333333
StylesFansH , 0.25
StylesOxygene , 0.3
Styleziz , 0.0238095238095
sudorokivas , 0.0769230769231
sukosodut , 0.163265306122
Sulaiman2442 , 0.115384615385
sultan_905 , 0.25
SULTAN___515 , 0.25
SULTAN_K77 , 0.166666666667
sultanbinhammad , 0.125
SumerSloan , 0.0
supapijoken , 0.133333333333
supernaturepics , 0.0555555555556
suqazadarury , 0.133333333333
sushichicago , 0.114754098361
swet2011000 , 0.1
swype_agent , 0.2
SybilRevoir , 0.142857142857
SYOfficial , 0.0
SystemDisc , 0.212121212121
sz_itfc , 0.121212121212
szabosolicitors , 0.428571428571
T0teee , 0.08
t3qp , 0.333333333333
t_4676 , 0.4
t_u3 , 0.333333333333
ta1_ha2 , 0.25
taalh1235 , 0.3125
TAIF__888 , 0.0714285714286
talag_a , 0.153846153846
Talal14512 , 0.333333333333
talal_al3nizy , 0.0
Talal_ali993 , 0.102040816327
talalaltuwaijry , 0.4
talall171 , 0.0
talhhuc60 , 0.25
tamannie0712 , 0.111111111111
tamaratom1 , 0.466666666667
TamayoPennyvbp , 0.260869565217
tamim20022 , 0.421052631579
tarbban , 0.0
tareeq_alhaq_ , 0.047619047619
TaReQ_GaZza , 0.162162162162
TarqZn , 0.0
TasbihIstighfar , 0.111111111111
TASDEEDB , 0.363636363636
tat2jones76 , 0.25
TatianaLaurens , 0.25
tattoo_ttt , 0.333333333333
TawFiQ998 , 0.0
tawicifyduly , 0.117647058824
tawyraqewyg , 0.0769230769231
TCFNGFZ , 0.444444444444
TeamDoyin , 0.337662337662
tech_faq , 0.117647058824
TechJobs_NYC , 0.347826086957
teeeeeenage , 0.333333333333
teeenaage , 0.222222222222
TEENlEQUOTES , 0.230769230769
Terresa_Graza , 0.0967741935484
TessouhNourelya , 0.0869565217391
TestingSaaS , 0.0925925925926
TevonLapointe , 0.0285714285714
TGarcia3380 , 0.0645161290323
th88th8 , 0.5
ThalaBeratung , 0.333333333333
tharthoooor , 0.25
thatte_88 , 0.0
the_93B , 0.222222222222
TheArtOfNeeti , 0.136363636364
TheAsterik , 0.25
thebard24 , 0.0886075949367
TheBatmanDark , 0.25
TheBatmanDarkk , 0.0714285714286
thebuckmark , 0.363636363636
TheChrisWoodard , 0.115384615385
thecuretobadday , 0.0
THEeLITEX02 , 0.375
TheManays , 0.25641025641
TheMattODonnell , 0.134615384615
thenadwi , 0.130434782609
thenortheastHUB , 0.333333333333
TheOfficialTATE , 0.0943396226415
TheoWexford , 0.142857142857
TheRightMelody , 0.4375
therootkr , 0.0625
TheStickyLips1 , 0.111111111111
TheTTShow , 0.117647058824
TheYOUTUBERJosh , 0.1
Things4Strings , 0.35
ThinkaboutWorld , 0.25
thirst4funk , 0.25
ThisIsGeeh , 0.176470588235
ThomasSangster0 , 0.137931034483
ThomasTf88856 , 0.0666666666667
Thompson22jamie , 0.153846153846
thorODSN , 0.101265822785
thothoo_502 , 0.333333333333
THOUGHTTFULMIND , 0.318181818182
tht_6 , 0.0519480519481
TicketVortex , 0.166666666667
tifyrocahyx , 0.142857142857
tijeragibiq , 0.0769230769231
timesywuxiw , 0.117647058824
tinastullracing , 0.0
tips4innerpeace , 0.224719101124
TipssOfLife , 0.0740740740741
TittyGods , 0.4
tmsr3204 , 0.25
To500toFIFA14 , 0.363636363636
toaq_ , 0.2
ToBFit , 0.25
tohejulyhewe , 0.125
Tolanii10 , 0.0
Tom_Lokilover , 0.333333333333
Tomeh92 , 0.147540983607
tommoarse4 , 0.12
tomosajilir , 0.0769230769231
Tooooop39 , 0.0
tootoo112546 , 0.2
topnews_ksa , 0.315789473684
TopShelFF706 , 0.1
torky773 , 0.104166666667
ToroEasleynvo , 0.1875
toto220_ , 0.121212121212
Totofree17Free , 0.285714285714
totti_707 , 0.125
touri_el , 0.0
towergrl , 0.272727272727
towevyricid , 0.133333333333
toxicuntlrh , 0.0714285714286
toydsr , 0.0909090909091
tozyxitifiwa , 0.133333333333
Tqasym_al7zn , 0.382352941176
tr3052 , 0.15625
traductormexico , 0.258620689655
Trans1110 , 0.0
trapicalminded , 0.375
TrapShady , 0.2
travellerzguide , 0.333333333333
trook0111 , 0.114285714286
trustmehewill__ , 0.0
ts3ad , 0.295774647887
tshle7714 , 0.282608695652
ttfft123 , 0.190476190476
ttthhhjj5555 , 0.333333333333
tttrrrr23 , 0.290540540541
ttuitdf , 0.333333333333
tudipazahyca , 0.0666666666667
Tuiterrific , 0.176470588235
Tunde_Pr , 0.333333333333
Tunnababu , 0.333333333333
tunywojexor , 0.0769230769231
tupacsaidthat , 0.333333333333
turki90009 , 0.25
turky6868 , 0.4
TURKY_SALAMEH , 0.0
tusocijagyqy , 0.153846153846
tuweryviqypu , 0.153846153846
tuwoqolefanu , 0.266666666667
tvtagArcher , 0.133333333333
TwamRooo7y , 0.0833333333333
TWEET__3JJEB , 0.5
TWEETQAMP , 0.0862068965517
tweetytweeterz , 0.25
twits89 , 0.333333333333
twtRelationship , 0.25
tylernosirrah17 , 0.192307692308
tyniqepisusy , 0.125
tynogimariso , 0.0769230769231
TypicalJordi_ , 0.2
u3sal1 , 0.0
U4oiTYFGvgaLn4a , 0.2
U8qmw1PgY9tW8mA , 0.272727272727
U_9 , 0.333333333333
uae165 , 0.0
uk_agency , 0.25
UKBeerNetwork , 0.125
ultimatefactzme , 0.333333333333
ummudi1433 , 0.0
un991 , 0.333333333333
Uniquebadoo , 0.214285714286
UserCreatedTop5 , 0.363636363636
uyuali , 0.333333333333
v900z , 0.122448979592
vajihutifuqu , 0.0666666666667
Valbadaya , 0.0
valeaniano , 0.0975609756098
Valeria_Alzate_ , 0.13698630137
valunixamamy , 0.153846153846
VampreDiiaries , 0.148148148148
vanluvz1 , 0.0
variablestir , 0.111111111111
varugedajoga , 0.333333333333
Vashtiiar , 0.0967741935484
vbn97531jkl , 0.142857142857
vegihycuvuca , 0.133333333333
VellaDamron , 0.111111111111
velopudoraro , 0.333333333333
vemt00 , 0.0
veqanogelov , 0.214285714286
veraxeva , 0.111111111111
veronicaacruzz , 0.0416666666667
vffggj41gmailc1 , 0.2
VGxqRqiDtbjOMSY , 0.125
vib__M15 , 0.0761904761905
vigenoqyjuv , 0.133333333333
ViiaTumblrr , 0.142857142857
VijayRa60212756 , 0.2
ville67 , 0.375
VIp________1 , 0.166666666667
vip_qqsed , 0.0
VIPQ8News , 0.147058823529
viptoursiceland , 0.272727272727
viralhood , 0.0
vivodilarry , 0.0769230769231
viwagemunus , 0.0666666666667
vKuwaity , 0.279411764706
VLWorthy , 0.173913043478
vocarasuveny , 0.230769230769
VodafoneIN , 0.0
vokuwesijam , 0.214285714286
voliloxacedu , 0.0833333333333
vusigulyfow , 0.153846153846
vuv406 , 0.0
vvcco , 0.333333333333
vvpreetham , 0.0943396226415
Vx3assassin , 0.275862068966
vynokugodap , 0.153846153846
W12F12 , 0.0
w8f____ , 0.333333333333
w_2x5 , 0.384615384615
w_3a , 0.0948275862069
waad_04 , 0.19512195122
wadaq_0o , 0.333333333333
wadyzugosip , 0.0714285714286
waelahmed2020 , 0.0
WaelhakimiWh , 0.181818181818
wafi_alsoliman , 0.285714285714
waficunidimo , 0.153846153846
waham26 , 0.131313131313
WahashWailan , 0.466666666667
wakko_i , 0.34693877551
waleed22129 , 0.2
waleed6617 , 0.0
waleed_alnassar , 0.3
WalesWestEnergy , 0.0
walrfaaq14161 , 0.0909090909091
WandaReneeVille , 0.5
WardCrap , 0.162162162162
waref_0 , 0.126582278481
warefmado , 0.272727272727
warismhashmi , 0.142857142857
warmsnuffle , 0.111111111111
wasim_dr , 0.15625
watheqa110841 , 0.333333333333
wawa_w2014 , 0.444444444444
wazetyzesol , 0.0769230769231
WDOAMitti , 0.0555555555556
Wed_Graciously , 0.1
wehuzibegyma , 0.0714285714286
wejepatovupa , 0.0625
Welha02 , 0.0625
WelovegamingRt , 0.142857142857
wemepybyqot , 0.0769230769231
wesooowes , 0.155844155844
wfaqih91m , 0.333333333333
wfwf7266 , 0.5
WhatPain , 0.115789473684
whiteheart1000 , 0.229357798165
Whitetigress1 , 0.222222222222
whitttman , 0.222222222222
wicepipugus , 0.0769230769231
wickedfactz , 0.333333333333
wifoxybapod , 0.142857142857
wildcheris , 0.157894736842
will_chiyti , 0.363636363636
willferreltwitt , 0.25
WillSummers0403 , 0.0
wipakozovuq , 0.2
WisamJAMAL , 0.119047619048
wisssdommm , 0.222222222222
witchclocks , 0.111111111111
wizmeekkid1 , 0.109090909091
Wjd_Rohy , 0.333333333333
WJF_Hyonn , 0.178571428571
wmmw123 , 0.118644067797
wnasah22 , 0.1
wocelopixuk , 0.125
wokogiqymise , 0.142857142857
women867 , 0.222222222222
women_2050 , 0.137254901961
wonderboylrh , 0.0
woowoo7766 , 0.1
wordsofhumans , 0.25
wordsofladies , 0.25
world__proverb , 0.333333333333
WorldStaarr , 0.5
WoWFunniest , 0.333333333333
wpkofficial , 0.0
wqwq1221 , 0.277777777778
Writ1778 , 0.285714285714
WTFFacttss , 0.111111111111
WTFTheRealJoJo , 0.413793103448
wugakoqinev , 0.0769230769231
www23318846 , 0.230769230769
wwwnhrhggigjfye , 0.193548387097
wygexajyhyda , 0.0769230769231
wymohowykipe , 0.142857142857
wysifibafoza , 0.0769230769231
wyzodeqipoge , 0.214285714286
xabepekewup , 0.153846153846
xapavigorex , 0.153846153846
xasx_57 , 0.333333333333
xatexukusime , 0.333333333333
XavierLockeDJ , 0.366666666667
xazehassn , 0.428571428571
xemawuwotuf , 0.0769230769231
xemexacywyq , 0.12
xewowuqymecu , 0.333333333333
xewytenurego , 0.133333333333
xf209 , 0.0
xHeyCharliex , 0.2
xiilii_ , 0.0
ximz16 , 0.129032258065
xirykimonax , 0.230769230769
xLEEH1 , 0.333333333333
xo_tiina , 0.135135135135
xp_xp33 , 0.20987654321
xPrinC1 , 0.0
xpxqxp , 0.0666666666667
XtinaBae , 0.25
xutyfokeqyby , 0.125
xx_naana , 0.133333333333
xxccvv151 , 0.0
xynygosurob , 0.142857142857
xynyrebocub , 0.125
xYxq8 , 0.0
xzxzqq17 , 0.0833333333333
y_o2o , 0.0555555555556
Ya2311 , 0.0
yahya_022 , 0.285714285714
yahya__20 , 0.173913043478
yahya_alngee26 , 0.0
yanely102301 , 0.125
YAOWEI_ , 0.279069767442
yaroo7roo7e , 0.0
yaseer_311 , 0.0
yassera76414025 , 0.0
YatiNose , 0.428571428571
YaVuMbKXKPFAHkw , 0.0
yawh101 , 0.0909090909091
yayoisakisaki , 0.21875
yazeed5060 , 0.0
yearningblare , 0.111111111111
ynovak , 0.4
YodelOnline , 0.0
yomna_kamal , 0.103448275862
YoubidderSniper , 0.0
your_hlth , 0.3
yousifzin2010 , 0.0909090909091
YouTubeSeed , 0.173913043478
YouurMotivation , 0.148148148148
yr_saa , 0.333333333333
YSR_N , 0.12962962963
yth889 , 0.333333333333
yuksholat , 0.411764705882
z2z50000 , 0.166666666667
za_samar , 0.135135135135
zafer01241 , 0.277777777778
zafer_s_s , 0.285714285714
ZahraaFahmyy , 0.154929577465
zain_ali_99 , 0.5
zajiqawakybe , 0.142857142857
zajumucoloz , 0.2
zakerne , 0.2
ZatICanDo , 0.214285714286
zaynetas , 0.0238095238095
Zbz2012 , 0.0
ZeadALraddadi , 0.341463414634
zeboraqejyvy , 0.0769230769231
zedan_emad , 0.4
zedocucepel , 0.0714285714286
zeen9090 , 0.266666666667
zemisofojob , 0.0666666666667
zeqogajimiw , 0.0769230769231
zho11122 , 0.25
ziado_99 , 0.0
ziqekeceboj , 0.0
zivaqyrefefa , 0.125
ziwezomuhid , 0.0769230769231
ziwyqifitozu , 0.0714285714286
znm1002 , 0.333333333333
zokemaculyw , 0.142857142857
zomutipapako , 0.266666666667
zozywomanut , 0.2
zubyduvubom , 0.176470588235
zwag_d3m , 0.132075471698
zx75574 , 0.0454545454545
zydilonopexy , 0.142857142857
zygopuhekuba , 0.142857142857
zyood505gg , 0.25
Zzgg525 , 0.333333333333
