AnasCom4 , 0.108108108108
AnasMoh58660459 , 0.125
AndrewShakerxx , 0.181818181818
Andronagy2 , 0.166666666667
Anees_mansoor2 , 0.142857142857
angalalfahad , 0.2
AngelLondon3 , 0.0
Angelmontenegro , 0.133333333333
AngelMotino , 0.214285714286
Anghamiii , 0.25
AnimeHumorEs , 0.0689655172414
aniq111 , 0.0
Ankabtsh , 0.208333333333
annukhan2015 , 0.4
anooRii_O , 0.125
anseabe , 0.104166666667
ant_al5ir , 0.178571428571
anttoniettab , 0.09375
ANZOATEGUI_mio , 0.272727272727
aomarx1 , 0.157894736842
Ap_MosFer , 0.333333333333
Aprylhendle36 , 0.0425531914894
aqabt , 0.0
aqar_r , 0.333333333333
aqaralfahad , 0.158536585366
aqaralkharj , 0.113636363636
aqaryah , 0.333333333333
ArabiaWeatherSA , 0.333333333333
ArabSign , 0.483333333333
arceliksat , 0.115384615385
Areej_Jeddah , 0.106382978723
aregalsamt02com , 0.272727272727
Argentina_B_10 , 0.25
ArkanJahrami , 0.4
ARMNL__85 , 0.0
Aroa5519 , 0.117647058824
arrwaahmed , 0.0860215053763
arxzi , 0.285714285714
AS0582 , 0.025641025641
asamigullina1 , 0.0
AsdopAsdop17 , 0.0
aseelaljahdare , 0.0769230769231
AseerLove10 , 0.030303030303
Asem_abdlmaqsod , 0.047619047619
asem_elattar , 0.25
ashraf5544 , 0.0
ash8ltne , 0.078431372549
Ashraf_Smir , 0.384615384615
ashrafhegazy12 , 0.111111111111
Ashrakat_Reda , 0.1328125
Ashraktyasser9 , 0.15625
askmg4 , 0.173913043478
asma_moOKa , 0.333333333333
asmaa_moamen , 0.111111111111
asmaa_samo2a , 0.166666666667
asmaa_zanaty , 0.16
asmaamomtaz , 0.16
asmaanady99 , 0.4
Asmaanajeeb , 0.277777777778
AsmaaOnlyy , 0.409090909091
asmaazezo5 , 0.0
asmayoucef98 , 0.2
Asomsalah999 , 0.0869565217391
asooly_511 , 0.139534883721
ASQ_Group , 0.333333333333
assemahmed13 , 0.421052631579
AsserZien , 0.156862745098
Asswqq , 0.333333333333
astoorataldafsr , 0.25
AstrolojiTR , 0.2
asx1_ , 0.193548387097
ASy1416 , 0.272727272727
atienowinnie54 , 0.25
atnfsk51 , 0.137931034483
Attarzamani , 0.0
Audio_Bady , 0.186746987952
AutFol001 , 0.466666666667
AV_M_Ibrahim , 0.181818181818
awadalshahr , 0.307692307692
AX266 , 0.333333333333
AxelofWS , 0.0
aya_3enba , 0.25
aya_moawad96 , 0.25
aYa_TareeQ , 0.166666666667
AyaaatAhmed , 0.263157894737
AyAAhmed_aa , 0.142857142857
ayaarif555 , 0.333333333333
AyaBlackswan , 0.2
AyaElkharboutly , 0.0555555555556
ayaelsharkawy26 , 0.166666666667
AyaHesham988 , 0.181818181818
AyaKhaled2011 , 0.1
AyaMokhtarr , 0.2
AyaNabil15 , 0.10843373494
ayaom744 , 0.135135135135
Ayasamyahmed , 0.10752688172
AyaTaha93 , 0.0833333333333
ayayasser287 , 0.0
aykiridusun , 0.25
aymangemy9 , 0.153846153846
aymanjohn995 , 0.2
Aymansal7 , 0.125
AYoyo811 , 0.170212765957
aypekprofil , 0.141025641026
az157uz , 0.133333333333
AzadNehmetov , 0.25
azizaa_5 , 0.133333333333
azizsaib , 0.109090909091
azkar_z , 0.309523809524
azkk136 , 0.206896551724
azmestar , 0.2
b37a148e61034ac , 0.0
b460214553b7421 , 0.176470588235
b7r_alshoooq , 0.333333333333
b_579 , 0.285714285714
b_9906 , 0.0963855421687
b__975 , 0.5
b_albasha , 0.14
B_t5 , 0.0297619047619
Bader2916 , 0.241379310345
Bader_kuwaiti , 0.0810810810811
badr8006 , 0.2
baharwn , 0.157894736842
BaharYnmh , 0.428571428571
Bahrawy___ , 0.285714285714
bakar020 , 0.125
BakryRa8da , 0.166666666667
BalaNila5 , 0.333333333333
bandarali123452 , 0.0
bandri340_al , 0.142857142857
BankAlm3lomatt , 0.0
bant1989 , 0.12
BarsAtnkaya , 0.3
Bas330 , 0.298245614035
basantbahgat_ , 0.333333333333
basemabdelgawad , 0.111111111111
BasmaA7med0 , 0.181818181818
basmaasker , 0.1
basmaeldin , 0.0
basmahelmy181 , 0.153846153846
BasmaHindy , 0.192307692308
BASMTKTAKFY , 0.232142857143
BASOM2006 , 0.333333333333
basselelfakar , 0.166666666667
batootsherif , 0.138888888889
bavehayran , 0.176470588235
bayan_xp_ , 0.0952380952381
bb33200 , 0.145833333333
bc_qased , 0.109756097561
BdorGamal , 0.152173913043
bdqx9 , 0.0
bdr_bc , 0.0909090909091
BE_with_ALLAH , 0.115384615385
bebifoxihif , 0.2
BeboBehiry , 0.0
bebobob19 , 0.0608108108108
bec3afaa46ee4e5 , 0.25
beder104 , 0.125
BeDoOo_74 , 0.333333333333
bedoor1076 , 0.0612244897959
begad_na99 , 0.0555555555556
behiry111 , 0.12
belal4037 , 0.2
belaltahaahmed , 0.375
bendary_omar , 0.0
berrakipek1 , 0.161290322581
BestTweetEGY , 0.133333333333
Bhaa_Cr7 , 0.222222222222
bilalkarabulutt , 0.133333333333
BilalRashdan , 0.238095238095
binsaad180 , 0.0384615384615
BirbenZuhal , 0.272727272727
Biskute07 , 0.0344827586207
Blessinmusic , 0.25
blueshrsgmailc1 , 0.3
bndr0043 , 0.153846153846
BnMathkar , 0.15
bnt_bnoot_999 , 0.0625
bodaa17 , 0.0
body_kamel12 , 0.285714285714
Bondo277 , 0.0857142857143
BoNooAshraf , 0.4
booo7_999 , 0.1
boracelikTLB , 0.089552238806
bosinahassan , 0.163636363636
bosynassar , 0.140625
bound100 , 0.130434782609
BraaElngar , 0.0909090909091
brca83 , 0.181818181818
brho151 , 0.0
BridgeMediaMENA , 0.0
brrog25 , 0.0625
brumelt1 , 0.0
BrunoLbdp1899 , 0.142857142857
Bryan_XXIIXV , 0.136363636364
btool_2019 , 0.0
bubujasohog , 0.266666666667
budaolmus , 0.245161290323
bugoos123 , 0.3125
BugraDilci , 0.111111111111
busaad55 , 0.222222222222
BuSalw , 0.117647058824
butkita , 0.363636363636
C6__C6 , 0.2
c6f1aa551e824fd , 0.28125
C_5_5 , 0.190476190476
c_eduque , 0.0813953488372
cafe_kirari , 0.25
CaglarEger , 0.164556962025
cagriyilmazzz , 0.104166666667
CanGulvardar , 0.0
CapTheMomentPic , 0.133333333333
CarissaStoner , 0.214285714286
carizmAhail , 0.133333333333
castillo_Open , 0.333333333333
Cb1899F , 0.285714285714
cbitano , 0.113636363636
CebelliCilvenaz , 0.384615384615
CesurYurk , 0.111111111111
cevahiryignler , 0.473684210526
CeylanHadise , 0.0512820512821
Ceylanpinarhabe , 0.269230769231
Chab_Dodo , 0.142857142857
ChaDiEZzz , 0.0454545454545
chahinolover , 0.6
Change_Time2015 , 0.0963855421687
CheHawary , 0.208333333333
childreads , 0.333333333333
chimito2 , 0.375
chipsYco , 0.0555555555556
CinemaAttack , 0.375
civiltrill , 0.0
ClauLucf84 , 0.125
clay_c42 , 0.333333333333
Cleopatra_10 , 0.0625
cmelakigor , 0.25
codleyg , 0.0
CoinsFifa1995 , 0.183673469388
Coldksa , 0.1
colordeltiempo , 0.2
Concepcionlnd , 0.321428571429
conyquqeveby , 0.1875
coocff , 0.266666666667
cookboutique , 0.151515151515
Copyright_Pro , 0.0
Coty_moty9559 , 0.125
CoverMyClass , 0.305555555556
Cr7Sambo , 0.214285714286
croos198 , 0.333333333333
crown_promo , 0.117647058824
cruszaa , 0.0
CubaSinFrontera , 0.333333333333
d4f284b895fd45a , 0.272727272727
d7_Qpb , 0.111111111111
D_M8822 , 0.125
da3dob , 0.0892857142857
da5el_7afy , 0.217391304348
daawrat , 0.25
dadasturkey , 0.0892857142857
Dahmshi99 , 0.116883116883
DaiIyTeenLife , 0.214285714286
Daliadody74 , 0.1875
daliia0 , 0.0
DallahHospital , 0.538461538462
DamnNoteBook2 , 0.0
Dan__442 , 0.4
danadona37 , 0.1
danadona39 , 0.125
danadona43 , 0.25
DanaK5511 , 0.333333333333
dandana_dandan , 0.117647058824
dangerluve , 0.111111111111
daniellobo7000 , 0.171428571429
daniielphelipec , 0.0555555555556
DannyG_inkster , 0.394736842105
DarbakaMody , 0.25
Darceypellerin , 0.0377358490566
darknesss23 , 0.2
dashinoa , 0.411764705882
DavidMasry , 0.315789473684
DavidPenn1989 , 0.0588235294118
DavidRPrasser , 0.130434782609
dcc6e7ff986d4ed , 0.0
dd77oomee , 0.146341463415
ddd4562 , 0.030303030303
decorat49 , 0.181818181818
dedo_diaa , 0.15
deeedo7 , 0.0
Democratic_AC , 0.25
Demr_da4 , 0.078125
DENUNCIASSUCRE , 0.142857142857
denyhayaty931 , 0.2
depsy_em , 0.181818181818
DeryaTurann78 , 0.05
DesAshrafMohamd , 0.25
deshnawe74 , 0.153846153846
dev_nxx82 , 0.214285714286
dgad19 , 0.142857142857
dgdfdfv , 0.333333333333
dgmahmoud , 0.166666666667
Dhom088 , 0.333333333333
di_ashraf , 0.285714285714
diaaelhamame , 0.131578947368
DiamondHeart23 , 0.142857142857
dianadodo112 , 0.0
dibijiqifiva , 0.5
digitelcctolon , 0.5
Diiaab74 , 0.153846153846
diishaaaaaaaa , 0.046511627907
Dina_Wahba7 , 0.135135135135
DinaFekry_ , 0.170212765957
dinakamal1400 , 0.0769230769231
diwykykycabo , 0.25
dmp111 , 0.245454545455
dnuay100 , 0.439393939394
Doaakh8 , 0.5
doaasamy12 , 0.25
Doc_sheko , 0.5
DocorAhmed , 0.166666666667
DodeLe2015 , 0.333333333333
DODEM3 , 0.4
dodo_loved , 0.25
DodoIbrahiem , 0.0
Dodomar26 , 0.142857142857
Dodoo_Malik , 0.294117647059
dody46017 , 0.166666666667
dody_deroo , 0.111111111111
Dody_elgaly , 0.0
dodymido93 , 0.120689655172
DodyPharmacista , 0.285714285714
DohaHisham8 , 0.142857142857
DohaQatry , 0.047619047619
DokaMZain , 0.1
dolcika36 , 0.2
Don_kisho , 0.0
donajuarez316 , 0.282608695652
DONAOMDA , 0.217391304348
DoniaDody742 , 0.333333333333
DoOla122 , 0.142857142857
dot_amar , 0.0625
Dr_Alkarimi , 0.163265306122
Dr_Erorr , 0.285714285714
dr_es93 , 0.2
Dr_KaflgeN , 0.0666666666667
Dr_SaMo0o , 0.0555555555556
Drahmedofficial , 0.136363636364
DrAmalshawkey , 0.133333333333
Dreeelal , 0.166666666667
DrFatmaSamir , 0.0689655172414
DrMyyasah , 0.0540540540541
dwo32 , 0.0
dwrat_vip , 0.4
Dz_deoy , 0.0804597701149
E1alrayaQ8 , 0.428571428571
e3lan_w1 , 0.0
e3lan_W2 , 0.2
E3lanat_11 , 0.0
e3lanatcom12 , 0.0
e3lanatcom25 , 0.0
e75228629acf410 , 0.0
E89_Y9 , 0.25
e8a86e1db9de4f7 , 0.0
E_alemad , 0.315068493151
E_Riyadah , 0.333333333333
e_saudia4 , 0.0
ea2057 , 0.333333333333
eaeaeaea1515 , 0.135135135135
eb1b8c06340f40b , 0.333333333333
EbadaAmgad , 0.176470588235
ebn_deraz , 0.153846153846
ebosy44 , 0.142857142857
EBRAHEM5edr , 0.0833333333333
ebrahemsarhan38 , 0.152173913043
ebrahim_timo , 0.125
ebrahimelmenyar , 0.12
ebroo20xx20x201 , 0.0625
ed1aniia , 0.0
edifyingmatter , 0.272727272727
EditoAraujo , 0.157894736842
edmark6655 , 0.25
EEmannona , 0.206896551724
egildolujan , 0.0952380952381
Egypt_Rtss , 0.333333333333
egyptfree , 0.235294117647
Egyptian_88 , 0.266666666667
Egyptiano_ , 0.153846153846
egyptmsr31 , 0.45
egystan , 0.0
EH3H , 0.333333333333
Ehabzakariaphg , 0.2
Ehrstudio , 0.285714285714
EID_OAT , 0.1
eidaah1407 , 0.183673469388
EidM11 , 0.333333333333
ekoyorum , 0.333333333333
el_fopya , 0.444444444444
El_k0my1 , 0.2
el_koracom , 0.0
El_mawkosa0_0 , 0.125
El_sh2awa , 0.0980392156863
el_sheikh_flame , 0.333333333333
el_tirmizi , 0.133333333333
elahlawy9090 , 0.166666666667
ElBaQare , 0.0
elbhnasey , 0.333333333333
ElbikEnoo , 0.333333333333
eldeweeuk , 0.130434782609
elfayedd , 0.181818181818
elhemaly_ahmed , 0.5
ElkatibNada , 0.2
Elkhmisy1 , 0.285714285714
ElkingAhmed23 , 0.166666666667
elkoraCalcio , 0.0
elkoraegypt , 0.0
elkoralive , 0.0
elkoraspain , 0.0
elm8rbiiiiiii , 0.333333333333
ElmalahMero , 0.2
elmelegy_eng , 0.103448275862
elsadysoltan , 0.333333333333
ElsayedMaram , 0.25
ElsharawyEe , 0.333333333333
Elwaan_Ahmed , 0.333333333333
elzzoozz , 0.166666666667
em5m5 , 0.105263157895
EmaanAymaan , 0.16
emad_alanzi , 0.145833333333
emadhamdyr , 0.333333333333
EmadRashed1996 , 0.347826086957
EmagicRamy , 0.25
eman03156255 , 0.0625
emanemoemo , 0.0
EmanEmy600 , 0.142857142857
emanemye333 , 0.235294117647
emanhossam19 , 0.0454545454545
EmeWahba , 0.5
emiii90 , 0.222222222222
emirhancinarr , 0.105263157895
emish74 , 0.125
EmmaEzz , 0.2
emmaOadam , 0.375
emmawatson_pa , 0.285714285714
EmoZamora , 0.470588235294
EMS_SAUDI , 0.315789473684
emya4raf , 0.333333333333
endimanal , 0.153846153846
EnElBreakWeb , 0.0
Eng7ozifa , 0.4
Eng_AnasSalama , 0.176470588235
EngBADERALENEZI , 0.357142857143
Engessammuhamed , 0.222222222222
Engineer2017 , 0.0869565217391
engmo96fa , 0.272727272727
engsalem2017 , 0.0625
engymarawaan , 0.025
entesar_saso , 0.25
eny_moslem , 0.428571428571
eroeroero8430 , 0.25
erorr88 , 0.128205128205
Es_SaMiR_SaiF , 0.142857142857
esamalfky1 , 0.666666666667
esh_300 , 0.25
Eslam987 , 0.333333333333
eslam_attef , 0.157894736842
eslamattef1 , 0.0535714285714
eslamdeco71 , 0.0
eslamelhoot , 0.166666666667
eslamelraise , 0.0
eslamelsied1 , 0.5
EslamHamad9 , 0.333333333333
eslamkewan , 0.428571428571
eslamkhattab , 0.5
eslamlovers99 , 0.285714285714
eslamnegm155 , 0.307692307692
eslamnour93 , 0.333333333333
eslamsaber44 , 0.210526315789
EslamSalvatore , 0.375
EslamSasa33 , 0.1
eslamshehata7 , 0.333333333333
esmaeel_salah , 0.0537634408602
EsmailMoner , 0.0
esmailrady11 , 0.315789473684
eSoOo_95 , 0.0
Esraa_Sherif7 , 0.222222222222
EsraaElMaghraby , 0.275862068966
EsraaJapir , 0.272727272727
EsraaM3li , 0.333333333333
esraas74 , 0.103896103896
EsraaSakr2 , 0.238095238095
EsraaSoo334 , 0.0
esvic3 , 0.333333333333
ethraafact , 0.11
everyday_sexy , 0.04
ex666 , 0.135135135135
exAddict_M , 0.25
EXERClSES , 0.294117647059
Eyad20982232 , 0.190476190476
Eyes_212 , 0.0
Eyeskuwait , 0.2
EzdiharD , 0.379310344828
f201518 , 0.272727272727
F542_ , 0.140625
F7ilx , 0.0714285714286
F_____ais , 0.0
f___h___d , 0.4
f_a_1408 , 0.08
F_BTL3 , 0.168831168831
f_lsft , 0.111111111111
faaaaaisal_230 , 0.333333333333
Faad_faad , 0.290322580645
FabRaka_Beh , 0.151162790698
factarb , 0.121951219512
Factsunk , 0.333333333333
Factswd , 0.275862068966
Facwow , 0.107142857143
fadel_diaaab , 0.0
fady_nabil77 , 0.089552238806
faf_100 , 0.08
fahad05555555 , 0.416666666667
fahad12318 , 0.166666666667
fahan_fans , 0.05
FAISAL__KSA1 , 0.111111111111
FaisalAldallom , 0.0705882352941
faisalalharbi28 , 0.129032258065
faisalm_al , 0.135135135135
FAISL_BN_NAIF , 0.212765957447
Faizfaisol95 , 0.101123595506
fal2esXD , 0.125
Falafeljojo , 0.25
falconbeyy , 0.317073170732
FalCoNSpiriT11 , 0.1
Falih_alSadoun , 0.166666666667
fara7andmara7 , 0.159574468085
Faraahkhaleed , 0.0277777777778
FARAN_99 , 0.2
faredaa3adel , 0.142857142857
faresmedhatt , 0.230769230769
Faridaamagdii , 0.111111111111
FaridaZeyad , 0.0689655172414
faris702012 , 0.125
faroha_khalid , 0.181818181818
Farrakhian , 0.166666666667
FarrFoorra , 0.0714285714286
fashion_bee_nb , 0.333333333333
Fast_Cricket , 0.5
fatema_zayed , 0.157894736842
fathyahmed564 , 0.25
fathymostafa21 , 0.2
FATIMAH0885 , 0.238095238095
fatimal82072647 , 0.0
Fatkhulin913 , 0.0
Fatma_elzahra10 , 0.352941176471
FatmaBattota , 0.166666666667
FatmaFatomaalaa , 0.0
fatmah__f , 0.0
fatoo01 , 0.130434782609
fatoooooom_ , 0.0487804878049
Fausalb , 0.285714285714
fayed_el_geziry , 0.0963855421687
FayezM101 , 0.118644067797
Fayezzz_8 , 0.294117647059
fazaa57 , 0.333333333333
fb473d5b08094bf , 0.0
FctCO , 0.25
fdslav , 0.4
feedmywish , 0.173913043478
fehd1122 , 0.333333333333
FEHItalent , 0.0588235294118
fekra69 , 0.25
FeroOo13_ , 0.166666666667
fesal1453 , 0.0888888888889
ffa7fa5f45e7440 , 0.25
Fff55ddd66G , 0.0
fffyyy1333 , 0.166666666667
Fg134F , 0.107142857143
fghfddg1 , 0.0
fhaid1010 , 0.166666666667
fhed1409 , 0.122807017544
fhk8701 , 0.25
fhoode979 , 0.141304347826
FhSalah , 0.285714285714
fifupemomak , 0.5
firegrill_KSA , 0.391304347826
FitfluentiaI , 0.111111111111
FitnessDaiIy , 0.25
FittingForever , 0.4
FlashFaster220 , 0.333333333333
Flh_10 , 0.0
fme__fback , 0.0277777777778
FMeaped , 0.294117647059
fo14001 , 0.111111111111
fofetshen , 0.230769230769
Followana1 , 0.0909090909091
ForbiddenRecord , 0.0
forex_bandar , 0.2
ForRetweeeet , 0.0333333333333
FramawyShereen , 0.285714285714
franchesco131 , 0.339285714286
franropod , 0.122448979592
Fun_world101 , 0.142857142857
Funky_Nour , 0.131578947368
funsletetowder , 0.0
FunStarterPack , 0.597014925373
FUT_Fi , 0.387096774194
futbolsokagi , 0.0263157894737
fylyfitizab , 0.153846153846
g00re3 , 0.142857142857
g62013g6 , 0.2
g_heart10 , 0.117647058824
g_o_o_d_a , 0.5
gabarty_mohamed , 0.2
gabdalla66 , 0.310344827586
gadahh2015 , 0.357142857143
gado3latool , 0.105263157895
GalalMohamed533 , 0.0
galaxy_q8i , 0.0322580645161
Galil0vic , 0.428571428571
Gamed__ , 0.0
GameilMahmoud , 0.307692307692
GaStcoins , 0.142857142857
GeekBoda , 0.2
geha_rar , 0.428571428571
gehadalkaliopy , 0.4
gehadgamal409 , 0.129032258065
gehadusama6 , 0.5
GemiEslam , 0.135135135135
gemy5597 , 0.0
Gemys909N , 0.0
Genesiscgs01 , 0.25
Gente4G , 0.321428571429
geopolytica , 0.0
georgesoleman , 0.1
geralnas12 , 0.125
gero_2015 , 0.166666666667
getGBstanding , 0.3
ggm0 , 0.238095238095
ggytr666 , 0.47619047619
Ghada0Hashim , 0.333333333333
GharamZzz , 0.333333333333
GhaziAotibi , 0.4
ghgh1726354 , 0.153846153846
Ghr2015 , 0.166666666667
girl_wifee , 0.0
girll_r , 0.131578947368
Glockenhoehe , 0.428571428571
gmalnoaf , 0.285714285714
goed19 , 0.127906976744
goeed , 0.365079365079
Gogohosnytemo , 0.133333333333
GokuMemeXD , 0.333333333333
gomaa_haidy , 0.454545454545
gonul_insani_ , 0.333333333333
googlr851 , 0.285714285714
googoo207 , 0.2
gori1174 , 0.0
gori1176 , 0.0
goror__ontha , 0.0
gregnah , 0.375
gregnnah , 0.135135135135
greyesg , 0.205882352941
Groo7_Mb , 0.125
Groop_Saleh , 0.0
Grp_Ghr , 0.25
Grrtni , 0.119402985075
guanabanadgt , 0.0731707317073
Guangzhoulimag , 0.0
GuejijeKhadija , 0.166666666667
gulin_82 , 0.0
gunlukname , 0.146341463415
gunyuzu34 , 0.111111111111
gustavopierral , 0.333333333333
GyGy_1 , 0.25
GymTweetsDaily , 0.345454545455
h1__q8 , 0.228571428571
h30e , 0.030303030303
h3m00z , 0.285714285714
H7isho , 0.426229508197
h_b_7 , 0.2
habazloma , 0.6
habiba12_habiba , 0.25
Habiba_Hassan0 , 0.0571428571429
hadeelmmg , 0.291666666667
hadeer_magdy_32 , 0.25
hadeerahmed33 , 0.190476190476
HADI_0o , 0.272727272727
hadymohmed366 , 0.444444444444
haeam_alkrb , 0.25
hafedh_kouki , 0.333333333333
HaGeerlabIb , 0.2
HagerAyoub4 , 0.0
hagr_elawe , 0.333333333333
Haidy32 , 0.166666666667
hajpmn68 , 0.166666666667
HaL_T3llam , 0.0
HalaMadini1 , 0.542857142857
HalaSami12 , 0.232142857143
Hamada12331 , 0.130434782609
hamada_54256 , 0.310344827586
HamadaMaii , 0.25
Hamadayahoocom1 , 0.181818181818
hamani84355238 , 0.147058823529
hamdy_ali93 , 0.210526315789
hamdyelbirmawy , 0.463414634146
hamedshaban , 0.111111111111
hammadgh , 0.5
hamood_50 , 0.0833333333333
HamroniMido , 0.2
Hanaafouad95 , 0.125
HanaElkordyy , 0.307692307692
HandeBales , 0.0
hanen_amr , 0.333333333333
haniamahbob , 0.25
haniferia , 0.181818181818
hanyhassn950 , 0.2
harfosh474 , 0.0
hasanalanany , 0.0983606557377
hasenchatusa , 0.0
HAshmeel , 0.28
hashtgareed , 0.25
hasnshamy , 0.166666666667
hasoos666 , 0.0731707317073
Hassan2Kariyoky , 0.245283018868
hassan81191 , 0.0958904109589
hassan_nano , 0.142857142857
hassanalamash , 0.118644067797
hassanali86026 , 0.0
HassanHossam_ , 0.172413793103
HATUNCA__ , 0.285714285714
hawk666hawk , 0.411764705882
hayvanim , 0.6
hazemmuhamed2 , 0.25
HazemShouaib , 0.2
hazemtomoum , 0.4
he_is_my_world_ , 0.0344827586207
Healthy_Llfe , 0.0526315789474
HEART_OF_QATAR , 0.2
Heartsquats , 0.111111111111
heba_ahmed2215 , 0.266666666667
hebaakhaleed , 0.0
heekm_ , 0.333333333333
HelmNony , 0.2
Hema01110133484 , 0.238095238095
hema3lii , 0.136363636364
hemamoussa20 , 0.0952380952381
hemanahdawy , 0.125
hemareda61 , 0.2
hemasokry , 0.4
Hendd9 , 0.428571428571
HendMM92 , 0.297297297297
here_Iam7 , 0.32
heresh1997 , 0.166666666667
HerrSorely , 0.0769230769231
hesham01212 , 0.130434782609
hessan34 , 0.0
HessianAhmed , 0.0714285714286
hessin_tlat , 0.230769230769
hf1235 , 0.171428571429
hg_network , 0.0625
HGAG123 , 0.307692307692
HghamdiHo , 0.111111111111
hh23307978 , 0.0
hhaddeerr , 0.0
hhatem181 , 0.1
hhh23397 , 0.25
hhh8855 , 0.16
hhlee78225 , 0.2
Hiba_Mayha , 0.0923076923077
hibbaali1 , 0.157894736842
hiima_beek , 0.0645161290323
hipskasukabe , 0.333333333333
hirerakegoq , 0.5
HistoryWorldPic , 0.333333333333
HizliTrenBileti , 0.115384615385
HKF404 , 0.190476190476
hkoko464 , 0.111111111111
hkuhhhhh , 0.285714285714
hmada_hossam , 0.333333333333
hnoodaa3 , 0.5
hodorlife , 0.545454545455
HokaBond007 , 0.114285714286
HOkasha80 , 0.0
Hokma2 , 0.142857142857
holiday_kasa , 0.31914893617
Home_Alone18 , 0.1
Honeyalaordia , 0.3125
hooodel_404 , 0.25
hopelebeauty , 0.151515151515
HoSabernooor222 , 0.333333333333
hoss99999 , 0.0
hossam_emam , 0.131578947368
hossam_haleem , 0.25
Hossamabbas3 , 0.0625
HossamBondQ , 0.333333333333
hossamh39205531 , 0.333333333333
HossamH46150225 , 0.0
HossamHamdy44 , 0.333333333333
hossamm2009 , 0.0588235294118
hossamsamy654 , 0.0
hossamshata11 , 0.047619047619
HossamZayn , 0.4
hossen_abuawwad , 0.0
hotwwwn , 0.142857142857
hozolizerubi , 0.5
hsyintuna , 0.125
ht2ny_ , 0.0952380952381
ht3lm , 0.382978723404
hunkaratici , 0.196261682243
hushyael , 0.176470588235
Hussami_ , 0.3
HussienAhmed22 , 0.391304347826
hussiensalah4 , 0.1
hvdnhbrlr , 0.380952380952
hya_gat_kda , 0.0
hyden111 , 0.0373134328358
I0IY , 0.4
i5xx2011 , 0.0
i___kw , 0.166666666667
i_bahri , 0.111111111111
I_ghadeer2 , 0.117647058824
i_m880 , 0.285714285714
i_r9 , 0.19298245614
i_ve909 , 0.333333333333
i_Ymo , 0.0852713178295
iAbdelrahmanX , 0.333333333333
iAlaaa , 0.047619047619
ialsulami99 , 0.111111111111
iAmiina_ , 0.130434782609
IamSafyah , 0.315789473684
iamsoud , 0.0736842105263
Iasofya , 0.142857142857
iayafahmy , 0.125
ibmazeed , 0.4
ibn_3z , 0.266666666667
ibn_AlaaEldin , 0.25
ibn_alqaim , 0.0491803278689
IBN_ALSHRQIAH , 0.25
ibraa99883 , 0.0
Ibraheeem202 , 0.0833333333333
ibrahemzourob , 0.5
ibrahim_3lama , 0.0634920634921
ibrahim_code , 0.375
Ibrahimahmed402 , 0.142857142857
ibrahimelborai , 0.125
IBRAHIMMAMDOUH2 , 0.125
ibrhiim_ , 0.093023255814
idina33 , 0.3
IDONTCA52961102 , 0.333333333333
IEgypTiaN_StylE , 0.333333333333
ifbckk , 0.166666666667
iGhonieem , 0.25
iGirILove , 0.222222222222
ihenawy_ , 0.210526315789
iHumorEnTuits , 0.111111111111
ii1ssa , 0.0
II5Asia , 0.333333333333
ii9l8 , 0.166666666667
IIAlomran , 0.132352941176
Iiixx_0 , 0.0
iJoey__ , 0.444444444444
iKaMaL95 , 0.2
ikhtra3_w_ibda3 , 0.126984126984
ilyasBouazizOf , 0.333333333333
im_wedd , 0.285714285714
ImageToMedia , 0.378378378378
ImCriZma , 0.09375
Imennaahmed , 0.0769230769231
Immigrant_32 , 0.0684931506849
iModiii_ , 0.125
iMony_ , 0.0625
iMOomeN , 0.2
iNa3eem , 0.2
indirectto , 0.0941176470588
indonesiaNews13 , 0.25
Ines_ilias , 0.333333333333
iNorma97 , 0.0952380952381
InteriorsGroup , 0.426829268293
INTMUZZIC , 0.0
io8812 , 0.05
Iosonoegiziana , 0.0
IPLSales , 0.138888888889
ipo0876 , 0.166666666667
iron_lady7 , 0.333333333333
iRT4aLL , 0.3125
iRT4G , 0.263157894737
isamlat , 0.25
iSaudMohh , 0.0709219858156
isgKharj , 0.2
islAamahmeEd , 0.1875
islam_mac , 0.384615384615
islam_sa3eed , 0.144
IslamMoheb3 , 0.333333333333
islamsultan80 , 0.144736842105
isobar11 , 0.0
Isooooooooo96 , 0.192307692308
Issa_Alnasser , 0.0
Its__Ghada , 0.0
itsMaleThoughts , 0.214285714286
itzdi7 , 0.153846153846
Ix_407 , 0.101449275362
IYaraII , 0.0769230769231
J5_kw , 0.333333333333
Jaddid7 , 0.217391304348
jaelitoalay , 0.0975609756098
JaimeSotoMuoz1 , 0.153846153846
JAlnbhan , 0.428571428571
jalwi_alosaimi , 0.32
JanThomasTirri , 0.0625
JaSmin_EbRahiM , 0.238095238095
jassmen_khaled , 0.333333333333
jassmine66 , 0.093023255814
JassmineHady , 0.128205128205
JasSuJu , 0.266666666667
jazanhotels , 0.0285714285714
JEELIINAA , 0.0
jelosuhejog , 0.25
jemy_meen , 0.266666666667
JerryRoselin , 0.153846153846
jet_dynamics , 0.0818181818182
JeunesseJP , 0.089552238806
jnobe_ , 0.4
jodi33_jodi , 0.15625
jody200045 , 0.105263157895
JoffreysThrone , 0.0
johanbreezy1 , 0.147058823529
johnhawkins111 , 0.0
joj___o , 0.0625
jojoatef11 , 0.333333333333
JojosabahJs , 0.0875
JojoSoso123435 , 0.111111111111
Jomanasheriff , 0.089552238806
joy_youssef , 0.188679245283
jstrgalope , 0.0
jswx_eart1 , 0.3125
juancdula , 0.4
JuanCmg12 , 0.5
JUANJOSEMOLINA , 0.181818181818
JustDriveItCars , 0.0952380952381
JUSTIMATA , 0.102941176471
jydykyhelite , 0.25
k2_966 , 0.0689655172414
k6765g , 0.411764705882
k6w , 0.212121212121
K911O , 0.111111111111
K_ag4 , 0.181818181818
k_dwaas , 0.25
k_ksassur , 0.125
ka8eem , 0.375
kabo3001 , 0.0
kaboailcom1 , 0.0
KadincaRTler , 0.2
KaifiiBlog , 0.0797101449275
kaledabgale , 0.176470588235
Kalilm366Khalil , 0.142857142857
kalkhaldi911 , 0.131578947368
Kalmhrzii , 0.0
kamalalenezi , 0.147540983607
KamelElsmadony , 0.333333333333
kanae_uea1 , 0.238095238095
kar5111 , 0.0714285714286
karar_gah , 0.1875
kareeem_3adel , 0.0
kareem_msm , 0.166666666667
karem_zaid , 0.119047619048
karemTaki , 0.130434782609
karim_Abuel3la , 0.333333333333
Karim_Ahmeed , 0.222222222222
Karim_o_vic , 0.25
karimesmat78 , 0.2
Karimmuhmed , 0.1
karrarqwtyopka1 , 0.454545454545
katerinakakeesh , 0.285714285714
katz_q8 , 0.132075471698
KawagaEl , 0.0
Kaymakcalan2 , 0.294117647059
kBoT3FceG5rNsoq , 0.333333333333
keke_109 , 0.388888888889
Kelekapili , 0.126436781609
kelef13981 , 0.454545454545
Kellah1 , 0.25
KElshhawy , 0.25
KemoAhlawy4 , 0.2
kepyqymamula , 0.111111111111
KerooAiad , 0.0
Kettfusion , 0.379310344828
kfahadalsaud , 0.107692307692
khadija015431 , 0.333333333333
khaled122093 , 0.0
khaled2240 , 0.0684931506849
Khaled__Aaa , 0.111111111111
khaledabdalham5 , 0.105263157895
KhaledZidan17 , 0.25
khalid076312552 , 0.37037037037
KhalidAfifi97 , 0.5
khalidalsair_7 , 0.25
Khaliedawaji312 , 0.333333333333
khattabnada50 , 0.25
khlooddream , 0.0869565217391
khokhafelefiluw , 0.0
KholoD_Osama , 0.333333333333
khunien , 0.333333333333
Kikelkoko , 0.2
kimbufrk , 0.0985915492958
KiMoO0O0o , 0.111111111111
king_098 , 0.0
king_hetlar , 0.103448275862
KingSalman , 0.142857142857
KingstonWoods , 0.101449275362
kirei_opai , 0.333333333333
kirolos_sameh , 0.266666666667
kisho4ever , 0.142857142857
Kitoos_3ssa , 0.142857142857
Kjhgf1243 , 0.333333333333
kk77__xx , 0.222222222222
kkoo194 , 0.0
klamrejal , 0.155555555556
klamzan , 0.0
knawwar89 , 0.333333333333
KNeaim , 0.111111111111
KNIGHT___20 , 0.204545454545
ko00_ko00 , 0.0
ko00ko0088 , 0.0595238095238
koeh2014 , 0.5
kofo2015 , 0.333333333333
kojy_m , 0.15625
kokaamjad , 0.333333333333
koketataa , 0.125
KonyeviRadyo , 0.1
KoranyRawan , 0.5
KotbSummer , 0.44
kremmostafa , 0.0909090909091
Krivenkoj , 0.25
krm787 , 0.0
ksa20ksa202 , 0.142857142857
ksa_006 , 0.0540540540541
ksa_amjad54 , 0.227272727273
KSA_GLB_KSA , 0.454545454545
KSAHaSh_ , 0.0
ksalifestyle , 0.357142857143
ksasoqcom , 0.125
ksatofy , 0.0
kt1yn , 0.0
KtkcAtakan , 0.0487804878049
Ku8y , 0.470588235294
Ku_j5 , 0.106382978723
kulkoul2020 , 0.0
kundankumar1113 , 0.285714285714
Kuwait_love_Q8 , 0.142857142857
kuwaity474 , 0.333333333333
kw7799 , 0.123456790123
Kw906kw , 0.153846153846
KW_202 , 0.272727272727
Kw__10 , 0.384615384615
kw__27 , 0.166666666667
kw___25 , 0.0625
kw___4 , 0.2
Kw____27 , 0.0
Kw____33 , 0.4
kwater44 , 0.0133333333333
kwz20 , 0.111111111111
kybedorixyj , 0.25
l0l080808 , 0.423076923077
l8afah1 , 0.333333333333
l_totyissa , 0.25
L_Zoz92 , 0.0526315789474
La2MoshAna , 0.166666666667
lahlouba2 , 0.4
laial343498 , 0.0
LailaMostafa_ , 0.190476190476
lamaahmed__ , 0.241379310345
LamiaaMettwaly , 0.371428571429
lamisusa , 0.19018404908
lamloma3 , 0.5
LamudiGlobal , 0.155172413793
LaraElhelbawi , 0.0897435897436
last_mai , 0.0833333333333
latifa1855 , 0.155737704918
LatiphHashtag , 0.25
lavabopompasi , 0.0
law_cairo , 0.125
lawman684 , 0.333333333333
lba_9 , 0.222222222222
ledr11244 , 0.0
lee2ah , 0.0
lenacom2014 , 0.333333333333
LeoDersiniz , 0.0
LeRoiBakr , 0.2
LethamMusic , 0.21568627451
lezama_yanira , 0.134615384615
lHz46u4K3amGu5b , 0.166666666667
Lido8080 , 0.363636363636
LifTiips , 0.227848101266
Light1246 , 0.117647058824
LillyBi_ , 0.2
limagcncom , 0.2
LinaTaghreed , 0.309523809524
LittleBigShotME , 0.125
lkraynov , 0.0
LlFESTORIES , 0.142857142857
lmIaughing , 0.0588235294118
LokassiV , 0.101449275362
LollaMohyi , 0.0574712643678
LolototyCom , 0.111111111111
LONaDalisTa8 , 0.0727272727273
loofezourob , 0.333333333333
LooomaZz , 0.166666666667
LOoOoKA123 , 0.333333333333
loove_alahli , 0.150943396226
lordamr77 , 0.12
loser9436 , 0.147058823529
LouL_AR , 0.357142857143
lovefact_fact , 0.0740740740741
LovePujak3202 , 0.0
lovestoreng , 0.0
Lread2gether , 0.161290322581
ltoof_al , 0.125
LuisDeveraux , 0.179487179487
LuuCaa97 , 0.151515151515
luvessecretso , 0.0769230769231
LylaonNet , 0.25
m00288 , 0.2
m00n__15 , 0.285714285714
m0khpharma , 0.0
m1407_a , 0.0789473684211
m15r11 , 0.0
m1abra , 0.0
M2Mimy , 0.111111111111
M3bdelHameed , 0.333333333333
m43arf , 0.0833333333333
m48f200 , 0.2
m5m5h__ksa1 , 0.0
M6Life , 0.159090909091
m78888m , 0.147058823529
M78M_ , 0.25
M7ammed_Ali , 0.134328358209
m7h3m , 0.0
M7mad2M , 0.0
m7md_3zema , 0.166666666667
m7md_7mdy5 , 0.333333333333
M7md_KaMeLL , 0.2
m7md_mossa , 0.190476190476
m7mda7md87 , 0.103448275862
M7mDd_Nabil , 0.181818181818
M7mddose , 0.25
M7med_Elberry , 0.0
M7moud_Elkasas , 0.166666666667
M8rdji , 0.25
m900kw , 0.0
M_47910 , 0.0
M__511MO , 0.121951219512
m_a_d_2013_vip , 0.0
m_abbasia , 0.2
m_alyahyawi , 0.235294117647
m_cokp , 0.214285714286
m_darilmaz , 0.104
M_elsharkawy_A , 0.5
m_nassar35 , 0.0909090909091
M_O_S_T_AAA_F_A , 0.333333333333
m_s_kw , 0.243243243243
m_samir4 , 0.111111111111
m_zankalony , 0.307692307692
Ma5tlf , 0.173913043478
ma7_reda , 0.333333333333
Ma7md_5alD , 0.25
ma7moud_crash , 0.0869565217391
Ma7moudZo3rob , 0.333333333333
maajjoorr , 0.357142857143
maamoo5577 , 0.333333333333
MAbdourabo , 0.0714285714286
macavasu , 0.0945945945946
mad13693 , 0.25
magayaho , 0.227272727273
magdishousha , 0.153846153846
magedelshiekh2 , 0.333333333333
Magruff_LE , 0.375
mah_203 , 0.054347826087
mah_aayoub99 , 0.545454545455
mahakhaled606 , 0.1875
MahaloSound , 0.0869565217391
mahao101 , 0.0657894736842
mahaosama7 , 0.166666666667
maharty , 0.0796460176991
mahdy_bebo , 0.166666666667
MahinourHatem , 0.0625
mahmmod_khaled , 0.3
mahmmoudashraf , 0.125
mahmodmando744 , 0.14
mahmodmostafa18 , 0.166666666667
Mahmodozz , 0.138888888889
mahmoud0120 , 0.137931034483
mahmoud61328555 , 0.0
Mahmoud76095394 , 0.0
Mahmoud_gohary1 , 0.15
mahmoudawad098 , 0.0869565217391
mahmoudeid911 , 0.142857142857
mahmoudelhagra2 , 0.181818181818
mahmoudemad55 , 0.2
mahmoudesmaat , 0.25
mahmoudessa775 , 0.0
mahmoudfouly7 , 0.0
mahmoudhosam10 , 0.0
mahmoudkhalf16 , 0.25
mahmoudmaher16 , 0.0
mahmoudradwan73 , 0.307692307692
mahmoudsayed103 , 0.12
MahmoudySalem , 0.5
MahmudKhald , 0.391304347826
Mai1Memo , 0.24
mai411900 , 0.0958904109589
mai_ramzy , 0.222222222222
maigd_911 , 0.162162162162
Maiiooy , 0.09375
maiosama2316 , 0.166666666667
mairabea380 , 0.5
maizain800 , 0.2
majid511_k , 0.108695652174
makh2014n , 0.2
MakkahEs , 0.132352941176
MALAK_21U , 0.333333333333
MAlanziy , 0.384615384615
maldinimao , 0.153846153846
maleescortvip , 0.0
malrazzaz , 0.25
Mam20025 , 0.2
mamdoo7818 , 0.214285714286
MAN_F16 , 0.333333333333
ManagersPro , 0.4
Manara_Tr2 , 0.25
manarashraf541 , 0.5
ManarNagy1 , 0.15
mando_12_2006 , 0.093023255814
ManoHady , 0.0
Manon7medMona , 0.2
manoura_mahmoud , 0.166666666667
Mansuoraldere , 0.157894736842
marbethdunn , 0.25
Marc1TT , 0.333333333333
marco__alshmri , 0.25
marcostola_67 , 0.272727272727
mariageorgeda , 0.0
mariajurado199 , 0.1
Mariam14998 , 0.0
mariam_alsaudi , 0.112676056338
Mariam_montaser , 0.173913043478
mariam_mosaad1 , 0.12962962963
mariamamdouh777 , 0.102564102564
MariamEbrahiem4 , 0.375
MariamElKhateb1 , 0.333333333333
mariamiraq122 , 0.0
marieemmahmuud , 0.545454545455
mariememad195 , 0.128205128205
MariluInciongjB , 0.0740740740741
marinsloli , 0.176470588235
Mario_3adel , 0.0
Mario_Omar1998 , 0.2
marioflemoooon , 0.111111111111
marisaheuser , 0.0
marisolzamora24 , 0.30303030303
markat_for_sel , 0.0
marmarketer502 , 0.0
marmarmero231 , 0.25
marmoramarmar21 , 0.5
maro7al7lw , 0.333333333333
Marocaine2412 , 0.25
martabsanchez , 0.5
marwahamdy252 , 0.111111111111
Marwamohamed139 , 0.0
Marwanosamaaa , 0.0
maryam_gomaa , 0.103448275862
maryooma468 , 0.181818181818
MarySs133 , 0.344827586207
MASK_JO , 0.142857142857
Masr_Twiiter , 0.333333333333
mater2014tt , 0.0612244897959
maxsbest_ , 0.131782945736
Maya06820203 , 0.166666666667
mayadasaad261 , 0.333333333333
MayadaSalama , 0.28
mayahamdi_ , 0.4
MayaYousry_ , 0.0909090909091
MayMagdy78 , 0.333333333333
mayoyiii , 0.333333333333
Mazaad_Q8 , 0.555555555556
mazen254 , 0.153846153846
mazenalaa3 , 0.153846153846
MazenMohamed168 , 0.166666666667
mazin_qw , 0.333333333333
Mazizikooo , 0.285714285714
mbark56301 , 0.163265306122
mbshier , 0.141025641026
mbss77777 , 0.133333333333
Mdawee2002 , 0.333333333333
mdd_0 , 0.1875
mdddd2014 , 0.142857142857
MediThinkTrain , 0.125
Medo2525Www , 0.125
Medo5651313 , 0.1
medo__300 , 0.25
medosabek123 , 0.2
Meeddaazz , 0.0975609756098
meera_shmr , 0.214285714286
mehmetalitosun1 , 0.0909090909091
MehmetIgli , 0.166666666667
Mehmetology , 0.105263157895
mekdambakoush , 0.153846153846
Meliholog , 0.333333333333
melkeng39 , 0.214285714286
MelyThelady , 0.166666666667
Memii1122 , 0.125
memoalfifi , 0.107142857143
memomahmoud156 , 0.0238095238095
MemozAyman , 0.0294117647059
memzii94 , 0.333333333333
menna_ali33 , 0.1875
Menna_K_Elshekh , 0.139534883721
Menna_Mennzie , 0.307692307692
Menna_Youssef95 , 0.2
mennaarfah , 0.125
MennaHejab , 0.147540983607
Mennahussinn , 0.388888888889
Mennakhatiry , 0.181818181818
Mennatarek712 , 0.105882352941
menonona16 , 0.142857142857
MerakliSiir , 0.333333333333
MeramMahmoud , 0.115942028986
mero22013 , 0.0806451612903
mero2maro , 0.0555555555556
merooabdo10 , 0.333333333333
meroom75 , 0.142857142857
mertgulce12 , 0.0
merve_kocumm , 0.04
Mesh3l1_ , 0.138888888889
MeSo3omr , 0.333333333333
metin01234 , 0.21875
metometo127 , 0.166666666667
mfl7al , 0.25
MG_Jemy , 0.133333333333
mggm202 , 0.0
mgrrdon , 0.176470588235
mha3433 , 0.2
mhagar12 , 0.172413793103
mhajeb , 0.142857142857
MHK__1 , 0.285714285714
Mhmd10Khairy , 0.0857142857143
mhmd350 , 0.333333333333
Mhmd_elprof , 0.190476190476
Mhmdhassan0 , 0.172413793103
mhmds3eeed , 0.25
mhoammad162 , 0.08
miar_abdelhamed , 0.333333333333
michael_georgee , 0.0
MichaelMiky95 , 0.166666666667
MidiTorres , 0.333333333333
mido2014_ , 0.222222222222
MiDo_EGY_ , 0.5
MIDOcupo1 , 0.3
midofara4idy , 0.142857142857
Midoo_Ebrahim , 0.2
MidoOo_2000 , 0.285714285714
MidoZahra12 , 0.4
MidozWaBas , 0.0761904761905
MiDuBakr10 , 0.2
Miima1_1 , 0.125
mikebranson836 , 0.0
millarhaze , 0.166666666667
MimiAmmar4 , 0.0
mimo_oo2040 , 0.0769230769231
mira2hani , 0.0909090909091
miraalaa , 0.235294117647
miriamnassar41 , 0.571428571429
Mirna_Yousef , 0.0196078431373
MirnAhmed_ , 0.181818181818
Miroo45H , 0.0666666666667
misaq16 , 0.181818181818
misfer5055 , 0.207547169811
mishaelsaud , 0.296296296296
miss_roro_89 , 0.0
missdodee201091 , 0.2
misterhidef534 , 0.307692307692
mizugi_bizyo__ , 0.333333333333
MJD_68 , 0.28
MJRD305 , 0.125
MKhaled014 , 0.307692307692
mm915407 , 0.2
mm_m886 , 0.0
mmaass051 , 0.2
mmgggr2 , 0.0645161290323
mmmatrix100 , 0.142857142857
mmr201050 , 0.3125
Mms__70 , 0.325581395349
mn20_a , 0.0983606557377
mn2n1 , 0.128205128205
mn99950 , 0.3
mnaal3009 , 0.0
MNour852 , 0.1
mnz____nmz , 0.0909090909091
mo3eenm , 0.0
mo7amadsob7y , 0.52380952381
mo7amed1994 , 0.125
mo7amed_3bdalah , 0.0714285714286
mo7amed_3laa87 , 0.333333333333
mo7amedtharwatt , 0.277777777778
Mo7ammedSeif , 0.111111111111
Mo7b_alnas , 0.333333333333
mo__salah7 , 0.0
moaazmohamed771 , 0.25
moahse , 0.285714285714
moamenramadi , 0.126582278481
MoatazKhaled0 , 0.121212121212
MobarakRagab , 0.0769230769231
modes222 , 0.166666666667
mody20100 , 0.168067226891
MoDy_3bKaRenOo , 0.4
mody_elmagic , 0.5
ModyAhmed_ , 0.333333333333
ModyJaradat , 0.046875
modykapo2013 , 0.0
mogbelrealty , 0.0740740740741
mogrdesm , 0.333333333333
mogura0316 , 0.0
Moh202085 , 0.333333333333
moh7amednasser , 0.333333333333
moh_london7 , 0.230769230769
moh_moh_1999 , 0.428571428571
mohabashraf770 , 0.25
MOHAELESAWY1 , 0.138888888889
mohamed42508693 , 0.4
mohamed51982121 , 0.133333333333
mohamed559000 , 0.375
Mohamed58222850 , 0.25
Mohamed80257570 , 0.0
mohamed_0rashad , 0.25
mohamed_2laa , 0.0
Mohamed_abdo207 , 0.285714285714
mohamed_eid_8 , 0.166666666667
Mohamed_Elmahdy , 0.0898876404494
Mohamed_EzzLDin , 0.0
MOHAMED_SAEEDms , 0.142857142857
mohamed_shady60 , 0.111111111111
mohamed_zarara1 , 0.0842105263158
Mohameda1003 , 0.0
Mohamedadell126 , 0.115384615385
mohamedalaa8899 , 0.166666666667
mohamedanwer962 , 0.0555555555556
MohamedAyman787 , 0.111111111111
MohamedEidAhmed , 0.333333333333
mohamedelzahby , 0.0833333333333
mohamedemad159 , 0.5
mohamedgamalsh , 0.1875
mohamedidris2 , 0.0921052631579
mohamedkamel71 , 0.142857142857
MohamedKarim123 , 0.166666666667
mohamedkh6157 , 0.178571428571
mohamedlbedawi , 0.111111111111
mohamedmagdy107 , 0.321428571429
mohamedmohssenn , 0.0
mohamedmoradMd , 0.2
MohamedRamdan50 , 0.166666666667
mohamedsayed900 , 0.125
mohamedshabann , 0.0
MohamedShbayek , 0.0625
mohamedSmohame5 , 0.0769230769231
mohamedx2015 , 0.0
MohammadHejazi , 0.354838709677
mohammdelallamy , 0.4
Mohamme63946536 , 0.230769230769
mohammed_doshy , 0.107142857143
Mohammed_shaman , 0.0740740740741
mohammedaladawi , 0.111111111111
Mohammedalbadr , 0.133333333333
mohammedshoman4 , 0.185185185185
mohhatem1 , 0.272727272727
mohkamfer , 0.2
mohmedgalal99 , 0.142857142857
mohmedosama90 , 0.5
mohmmad_21 , 0.0
mohmmed_195 , 0.0
MohmmedAlsaber , 0.166666666667
Mohnds_DAN , 0.2
mohsenayman17 , 0.134615384615
MohyeZoabi , 0.181818181818
moinrwiessona , 0.0
MOISaudiArabia , 0.0833333333333
MojKsa , 0.101265822785
mokhtar_bebo , 0.0
mokhtarsaber95 , 0.103448275862
molialk6 , 0.25
momenhesham1 , 0.103448275862
momensamy6 , 0.125
momoelpardisey , 0.041095890411
Mona___Ahmed , 0.25
MonaAbdlMaksoud , 0.307692307692
MonaMahm0oud , 0.428571428571
monamamdouh11 , 0.333333333333
mone13630 , 0.166666666667
MonyEmy96 , 0.137931034483
MonyHamdy109 , 0.25
monyhassan7 , 0.153846153846
moo_adel , 0.333333333333
moode70123297 , 0.0555555555556
moodyboy744 , 0.181818181818
moodymoody847 , 0.19512195122
MooeSala7 , 0.166666666667
Moomo_Oo , 0.285714285714
Moon_Coon , 0.0
MoonSassy , 0.597014925373
mooooooolll , 0.4
MoPpop91 , 0.272727272727
MORO1500 , 0.0
moroojq8 , 0.333333333333
mosarqah , 0.333333333333
mostafa2fouuad , 0.409090909091
mostafa3zo , 0.111111111111
Mostafa410Asmaa , 0.285714285714
mostafa95090 , 0.333333333333
mostafa_nmrwy , 0.0851063829787
mostafa_olik , 0.285714285714
mosTaFa_osama97 , 0.047619047619
mostafa_sopieh , 0.05
mostafa_tery , 0.333333333333
mostafaelsuty , 0.2
MostafaZayed86 , 0.25
Mot7don , 0.387096774194
motaz__ahmed , 0.181818181818
MOTAZ_ELKORDY , 0.347826086957
motiam2 , 0.047619047619
motmakin_1 , 0.166666666667
Moustafa_Moataz , 0.428571428571
mozezo200 , 0.4
MPoklz , 0.157894736842
mr_bigbick , 0.428571428571
MrAl7ammadi , 0.125
mrcofeen , 0.2
Mretweet007 , 0.333333333333
MrMohamedKamel1 , 0.181818181818
mrmrmero98 , 0.333333333333
Ms36Ho , 0.230769230769
ms999008 , 0.142857142857
Msa995Mycsabry , 0.15
Msayp17 , 0.333333333333
msemse383 , 0.0
msffr4 , 0.260869565217
mshaa3il , 0.5
mst3sy , 0.333333333333
MstrCrash , 0.234042553191
Mtabuki , 0.2
mtiraaz , 0.0
Mu7ra_ , 0.09
mubarakalaskar , 0.25
mudcbb , 0.185185185185
MudiiOfficiall , 0.147058823529
MUG2014Anz , 0.171428571429
muhamedKago , 0.114285714286
Muhamedm5 , 0.0
MuhameDZaQi , 0.111111111111
Muhammad_Mahdy , 0.25
MuhammadSadaka , 0.222222222222
Muhammed__Aly , 0.122448979592
Muhammed_Adeel , 0.117647058824
muhammed_asiri1 , 0.222222222222
muhammed_yeh , 0.158536585366
MuhammedClinton , 0.0
muhandeslead , 0.0
muktalif_ , 0.296296296296
Murat_Sinan11 , 0.2
MushiraSafwat , 0.0843373493976
Music_woman_ , 0.25
Mustafa_Deeb , 0.333333333333
Mustafa_ElGendi , 0.2
Mustafa_Gamy , 0.133333333333
mustafametwalyy , 0.2
mutlak666666 , 0.344827586207
MutluluklarSize , 0.0
muznaalshammari , 0.15
mwageeh36 , 0.181818181818
myah581 , 0.142857142857
mymana_khalid , 0.108108108108
myTumbIrPosts , 0.142857142857
MzaajiQ8 , 0.118421052632
MZaharani , 0.138888888889
mzn12345 , 0.0
n000f_26 , 0.421052631579
n15 , 0.189189189189
N_Adel10 , 0.173913043478
na_12waf , 0.121212121212
Na__336 , 0.2
naayr2020 , 0.242424242424
Nabaa___ , 0.0810810810811
nabil_issa , 0.126984126984
NAbosreeh , 0.25
nada77469929 , 0.157894736842
nada_mamdouh1 , 0.285714285714
nada_medhat07 , 0.153846153846
nada_nagah , 0.368421052632
Nada_nodyyy , 0.0
nadaade03842098 , 0.137254901961
NadaAhmedZeen , 0.5
Nadaahmeed2 , 0.0
Nadadody94 , 0.268292682927
nadamansour900 , 0.136363636364
NadaNoska , 0.227272727273
nadasoliman48 , 0.103448275862
NaddaYasser , 0.2
Nadeennasser_ , 0.137931034483
Nadeenseif_ , 0.173913043478
nader19730 , 0.2
nader_terbo , 0.2
Naderezzatt , 0.0816326530612
NadinAshraf1 , 0.5
NadoAhmed97 , 0.285714285714
nagibamohsen55 , 0.285714285714
Nagla_asal , 0.25
nahlaalenezi , 0.047619047619
nahlasalah89 , 0.5
NaifALazemi , 0.222222222222
nalf46465555 , 0.0
nana_yomna , 0.333333333333
nanalotaibii , 0.0714285714286
nano_8alab , 0.333333333333
nanoalhawary1 , 0.191489361702
naofe1984 , 0.116883116883
nareman_elbaz , 0.209677419355
naseer_otaibi , 0.0909090909091
naser_safran , 0.25
nashme1393 , 0.0804597701149
nasynasy0555553 , 0.333333333333
Nawaf_al3nezy , 0.133333333333
nawafal3fasy , 0.333333333333
nawafalwaf , 0.0
nbnn , 0.0
negmy888 , 0.333333333333
nermeenelmayah , 0.4
NervanaHossam , 0.189473684211
Nesmalotfy2 , 0.2
nevo_yehia667 , 0.0
new2015now , 0.142857142857
News_Kuwaity , 0.307692307692
NewTechni , 0.170212765957
nikuvyfymidu , 0.2
ninaswe08258138 , 0.173913043478
NinnaYousry , 0.25
nkt_m7 , 0.0
NLpeyniri , 0.25
Nn_Oo_16 , 0.378378378378
nnada77 , 0.130434782609
nnn0444 , 0.157894736842
nnnvz , 0.175
No4aDiabian , 0.153846153846
No_O_rY , 0.16
NoDyWbAs5 , 0.333333333333
noeueon , 0.0
NohaNeno50 , 0.136363636364
NohaNony96 , 0.125
nokiact , 0.166666666667
NomeoH , 0.4
Nona_OffLine , 0.0697674418605
nonaamazing , 0.2
NonEscapist , 0.125
nonomhmku1 , 0.454545454545
Nonyy93 , 0.0666666666667
noofa326 , 0.0740740740741
noormoonly , 0.4
noour_nn , 0.481481481481
noran_ta , 0.0806451612903
Nore12342Nour , 0.357142857143
norialaa90 , 0.333333333333
Nos7alla , 0.358974358974
Noufsu1tan , 0.2
nour19899 , 0.285714285714
nour_el_din_ , 0.0
nour_fathy74 , 0.132075471698
nouraahmed837 , 0.333333333333
nouran90_ , 0.1
NouRan_Qamish , 0.428571428571
nouranelsayd , 0.25
NouranEwida , 0.103448275862
nourashraf593 , 0.285714285714
NOurEld67 , 0.25
NourEmaad , 0.2
nourmaasry , 0.333333333333
nournour234 , 0.185185185185
NourRoshdy , 0.142857142857
Nouv_33 , 0.2
NoWageeh , 0.157894736842
nsr9w , 0.177419354839
NTorug , 0.375
nucabiwibefi , 0.142857142857
Nunnariffat , 0.242424242424
nupurvidya , 0.0983606557377
Nursayed17 , 0.307692307692
NwayaAya , 0.125
o44b88 , 0.214285714286
O4Shevenina , 0.0
o6_9 , 0.2
o_s78 , 0.5
Obosh11O , 0.142857142857
OdandashO , 0.25
oday_hassan_o_c , 0.0454545454545
ofbena , 0.173913043478
officialbasant , 0.333333333333
OfficialHeroo , 0.392857142857
OfficialKokE , 0.153846153846
OfficialMTarek , 0.142857142857
oin , 0.0
ok__511O , 0.0
ok__x4 , 0.127659574468
olaa7med196 , 0.2
olahamza10 , 0.133333333333
Old_acc621 , 0.0
om___x , 0.285714285714
omani_twitt , 0.352941176471
Omar23Hesham , 0.140350877193
Omar5Nesma , 0.12
omar99257087 , 0.13698630137
omar_aboelnor , 0.25
Omar_Almulhem , 0.0819672131148
omar_awad2015 , 0.0
omar_elkhayam , 0.16
Omar_Muhammad11 , 0.125
Omar_Pics , 0.380952380952
OmarElsa3dany , 0.333333333333
omarmoaaz74 , 0.0
omarnas33434145 , 0.195652173913
omarpro37 , 0.4
Omarrafat77 , 0.0
omaryahia97 , 0.0
Omarzaki222 , 0.3
omerjordin88 , 0.4
omniaMuhammed2 , 0.3
OmniaZima , 0.257142857143
once_upon_atym , 0.190476190476
only01212 , 0.333333333333
OnlyFactsArabic , 0.119402985075
onm77881 , 0.166666666667
oo001o , 0.428571428571
oo123417 , 0.181818181818
oo1234oo1 , 0.333333333333
oo9o , 0.333333333333
OO__Q , 0.461538461538
oomaraaa , 0.333333333333
ootyiz , 0.129032258065
OoYasmin , 0.315789473684
opaiopaipic , 0.333333333333
opuzokiH , 0.0
ORAnos_sama , 0.2
orhannnatesss , 0.2
ORKUN2552 , 0.434782608696
Ormereo , 0.0769230769231
osama_abbasss , 0.0
Osama_ALhammad , 0.113636363636
Osama_Hussein91 , 0.111111111111
Osama_Masry30 , 0.321428571429
osama_negm25 , 0.333333333333
Osama_Rateb1 , 0.25
osamaalady , 0.12
osamaay04137924 , 0.333333333333
osamagad9 , 0.571428571429
osamahamed30 , 0.333333333333
OsamaRamadan22 , 0.333333333333
osoo31 , 0.0625
osskyan , 0.122448979592
otaibi004 , 0.155172413793
oudyy , 0.12676056338
OurStIves , 0.166666666667
OVOXO898 , 0.25
owowoiwii , 0.0
Ozraaa2 , 0.166666666667
p8mes , 0.0
pablo_ppr , 0.0
PabloWeather , 0.526315789474
PallaPop , 0.4
panceehussien , 0.111111111111
PartidoPSOEV , 0.25
Pasuony01 , 0.3
Patxi__G , 0.2
paty_partya , 0.111111111111
paulablu22 , 0.166666666667
PauloRafael , 0.144578313253
pavapigedacu , 0.5
peec_sa , 0.428571428571
pembeepaty , 0.125
Pen_606 , 0.388888888889
peterrehw_idcm , 0.462686567164
petodiwujys , 0.15
ph_elyamany , 0.0
ph_sabry , 0.25
phyzia99 , 0.0
pink946 , 0.333333333333
PJChacaoNorte , 0.15
PJNaguanagua1 , 0.222222222222
plckup , 0.0952380952381
PLouisAndre , 0.0645161290323
poncemolotov , 0.0625
PositivePeyton , 0.5
pp7der , 0.0714285714286
prenCcissa , 0.4
prettyRimoo , 0.285714285714
pridecqtr , 0.176470588235
Princess_Aya92 , 0.116279069767
prinsess_hh , 0.0350877192982
Psychiatrist97 , 0.235294117647
PuntoAVI_pro , 0.0909090909091
q813345 , 0.122222222222
Q8__________VIP , 0.0
q8__e , 0.333333333333
Q8_a2 , 0.25
q8_ali79 , 0.416666666667
q8_ryo0om , 0.111111111111
q8faisl_q8 , 0.137254901961
q8hzaazz , 0.047619047619
q8ktabah , 0.244444444444
Q8ytawia , 0.0
qakytokicir , 0.0441176470588
qarni_mona , 0.2
QaserHadeer , 0.25
qevilacubez , 0.136363636364
qq_2_pp , 0.363636363636
qqmm2015 , 0.0
Qw_1_ , 0.166666666667
Qwt00 , 0.166666666667
QWT01 , 0.155844155844
QWT02 , 0.146666666667
Qx__4 , 0.428571428571
qxqx_q , 0.428571428571
R2014Rahil , 0.133333333333
R55R55R55 , 0.4
R73735 , 0.0
R7maM7moud , 0.333333333333
r_a3mal , 0.173913043478
R_ajx , 0.125
R_T992 , 0.0
R_T996 , 0.363636363636
R_T999 , 0.0
Ra4444b3a , 0.105263157895
Ra_aJx , 0.0731707317073
RabbaniMetot , 0.545454545455
RadCarPics , 0.0869565217391
raddad05 , 0.166666666667
rafagarciaxxx , 0.114754098361
Raghad_xii , 0.1
RaghadAzmi , 0.25
rahhhaul , 0.0
rahma3131 , 0.125
Rakd1vip , 0.444444444444
ramadan0o0 , 0.125
ramdan788 , 0.333333333333
ramialahmed , 0.25
Ramos2Eva , 0.153846153846
ramy1w , 0.0
ramy805 , 0.333333333333
ramykaram22 , 0.125
ranamohamed147 , 0.0
RandyMorano , 0.455882352941
raniaa284 , 0.25
ranim_farid , 0.375
ranin1991 , 0.25
RankerofThrones , 0.139130434783
Ranoon19 , 0.0
rashadatef1 , 0.222222222222
rashahesham2 , 0.28125
rashed2000hotm1 , 0.142857142857
RashwanWana82 , 0.137931034483
ratebm , 0.333333333333
RAtef69 , 0.142857142857
RATWAYT555 , 0.0851063829787
rawi_malak , 0.142857142857
RawikanB , 0.0
rayid18 , 0.166666666667
RAZRteam , 0.5
Rbabraghib , 0.166666666667
ReadRamy , 0.0
RedaOmar45 , 0.0833333333333
redipifunezu , 0.25
reem_bha2 , 0.151515151515
reemahmed191211 , 0.285714285714
ReemRaouf_ , 0.113636363636
Refaei404 , 0.2
rehabg3395 , 0.0
Reham230Liily , 0.25
reham_ahmed65 , 0.0983606557377
RehamAkram_ , 0.333333333333
rehamelsayed16 , 0.161290322581
Rehamm_654 , 0.05
rehamm_madrid , 0.25
rehamvip2014 , 0.142857142857
Rehan_fahme , 0.2
RelaxBc , 0.166666666667
RemaSaudi , 0.0
Retaj_Mahmoud_ , 0.192307692308
Retweet_Eg2 , 0.0
retweetmassry , 0.0
Retwitteerr , 0.333333333333
Reweetts4all , 0.4
rewittia , 0.333333333333
RFriends_ , 0.2
rfucogev , 0.0
Rhinoceroseses , 0.133333333333
ricardoberrocal , 0.571428571429
Rima_AlO , 0.0967741935484
rimamornagui , 0.25
RiyadhVila , 0.115384615385
rm_as7 , 0.285714285714
Rmam1990 , 0.333333333333
RMicrophoneFM , 0.0789473684211
rmody93 , 0.148148148148
Rnh_22 , 0.0
ro7_0000000 , 0.352941176471
rOaa_roOo_rOrO , 0.333333333333
RoaiaLashin , 0.272727272727
roakswane , 0.15
robertocabralf , 0.0
rodainaaxx , 0.3125
rody_rody192 , 0.333333333333
rokia57183083 , 0.0
rokia_roka , 0.166666666667
RoKki0i , 0.05
roktay53 , 0.142857142857
Romantek1H , 0.0
roomns30 , 0.0882352941176
rootshell99999 , 0.142857142857
Rooy777 , 0.150684931507
rosse2292 , 0.0
rotyserigymi , 0.111111111111
Rou1166 , 0.2
rovetos35 , 0.142857142857
rowihedu , 0.0
rreyaaau4 , 0.125
RRomance23 , 0.25
rrrrham , 0.148148148148
Rs499 , 0.4
rshod12 , 0.25
RT1GOD , 0.0
RT3arb , 0.0
Rt__M_M , 0.157894736842
RT_ADV_KSA , 0.0
RT_alArab , 0.0975609756098
rt_dertna , 0.0
Rt_j20 , 0.0
rt_t55 , 0.25
RTEmirati , 0.14
rtt__3 , 0.2
Rtt_go , 0.5
rttott , 0.0416666666667
Rtweet_Islam999 , 0.25
rumbasllaneras , 0.111111111111
Rwae3_25 , 0.0
RwedBc , 0.0
ryaanEmperor , 0.0689655172414
Ryno_al3nzi , 0.104651162791
ryoof46_ryoof , 0.142857142857
RyRElmejor7 , 0.0
s1a1l1e1m11 , 0.125
s2222r , 0.118811881188
S2_rah2 , 0.111111111111
s3ood_alshmari , 0.0357142857143
s3oodbnkald , 0.0
s5_s7 , 0.3125
S5Su , 0.0
s_b_alshardi , 0.0
s_e_s_a , 0.294117647059
S_H_E_M_A , 0.363636363636
S_kooan , 0.111111111111
s_s49 , 0.125
s_s_o0 , 0.5
s_samy_2 , 0.333333333333
s_ttz , 0.375
SA4p , 0.0
sa6661 , 0.117647058824
saaae773 , 0.375
saad13952 , 0.113636363636
Saad77Ri , 0.0
SaaD_lafy , 0.15
Saad_Oshiba , 0.117647058824
saadaldossiry , 0.4
saadjabr , 0.5
SaadMoshbbab , 0.210526315789
SAAOA1020 , 0.333333333333
Saara_Tarek , 0.333333333333
SADA_Q8 , 0.222222222222
saed1394 , 0.0
saeed_amera , 0.125
SaeedMohamedHu1 , 0.2
Safeholydays , 0.0769230769231
Safir998 , 0.266666666667
safoo_321 , 0.3
safwanmazzika1 , 0.235294117647
safyana96 , 0.125
sah6y , 0.0
SaiF_Al_masaud , 0.333333333333
saif_algasir , 0.0
saifmohieldeen , 0.111111111111
SaifZidan2 , 0.157894736842
Sakhi95 , 0.0
SakirErtakus , 0.0958904109589
salah_vip , 0.0990990990991
salaheless , 0.194444444444
salamass63 , 0.138888888889
Saleeh2006 , 0.333333333333
saleh_1231 , 0.384615384615
salehh333 , 0.260869565217
salemalgaload , 0.0
salemalsmeran , 0.375
salemm12129 , 0.333333333333
salleh2562 , 0.154929577465
salma59243485 , 0.363636363636
salma_diab93 , 0.216216216216
SalmaAdel0 , 0.15
salmabrightstar , 0.285714285714
SalmaGhaly_ , 0.181818181818
salman_0110 , 0.181818181818
SalmaNanoo , 0.1875
SalmanMbh , 0.2
salmano210 , 0.25
SalmaSeif_ , 0.0909090909091
salmayounis11 , 0.333333333333
SalwaAli88 , 0.147058823529
SaMa291 , 0.3125
samahatem98 , 0.0952380952381
SamarAlbalushi , 0.157894736842
samarnassar43 , 0.25
samarosama22 , 0.285714285714
samehadel72 , 0.111111111111
samerrady , 0.333333333333
sammanphoto , 0.101265822785
SamsamSamyo , 0.5
samsword2 , 0.142857142857
samt_alshfaaef , 0.333333333333
samy_sash , 0.0
samyeldaly2020 , 0.142857142857
samymahmoud464 , 0.0
sanawaell , 0.142857142857
SandraYoussif_ , 0.125
sanooryx5 , 0.3125
sar3456 , 0.166666666667
Sara_Ezzat0 , 0.111111111111
Sara_onh , 0.0684931506849
sara_Pluto , 0.25
Sara_shop29 , 0.25
saraaboalala40 , 0.0
SaraElmenawy , 0.208333333333
SarahAhf , 0.0967741935484
sarahali249 , 0.3
sarahany393 , 0.133333333333
SarahElgarhi , 0.181818181818
SarahMansry , 0.125
sarahsooo1 , 0.1875
sari505_abo , 0.4
sarraa2020 , 0.0
sars_911 , 0.4
Sasamilanista , 0.2
sashorouk , 0.112903225806
SASO__2000 , 0.4
sasomohamed117 , 0.139534883721
SasosalwaSo , 0.285714285714
sasosaso1996 , 0.15
Sauar_01 , 0.0588235294118
saud91999 , 0.0857142857143
SAUD9223 , 0.266666666667
saudi8 , 0.117647058824
saudicom_sa , 0.333333333333
SaudiPost_Care , 0.333333333333
sawtjahra , 0.555555555556
SawyFrii , 0.5
saYe31 , 0.0
sayed_abodokhan , 0.5
SayedaAhmedy , 0.1875
sayedalnawawy , 0.0
sayedgomaa111 , 0.333333333333
Sdqat11 , 0.333333333333
Sdqat12 , 0.25
Se_esSLam , 0.0
Sebstin , 0.0
sediks451 , 0.294117647059
Self_Growth_ , 0.380952380952
selim_marwa , 0.0
semo36599555 , 0.0
seninelonnotjew , 0.0
Sevenler2015 , 0.0
sexual_gifs__ , 0.333333333333
sexybijo1 , 0.315789473684
sh25515 , 0.128571428571
sh3eerkwt , 0.0909090909091
sh3r_adab , 0.1875
Sh3r_Sa , 0.0833333333333
sh6r_bc , 0.111111111111
sha3r_7km , 0.0
shaddadi2013 , 0.333333333333
shaden_alfahad , 0.1
ShadyFahmy_ , 0.5
ShahenazIbrahim , 0.333333333333
shahendas2292 , 0.3
Shaker12300 , 0.126315789474
shakersawalha , 0.275862068966
Shakil472626 , 0.0
shammani00 , 0.25
ShazaElhariry , 0.117647058824
shazahosam , 0.25
Sheein31 , 0.125
ShefaTdreb , 0.2
sheHata_99 , 0.181818181818
shehatto98 , 0.125
ShekoBelMasry , 0.272727272727
shemaa_salam , 0.0588235294118
shemli111 , 0.0
sherif5ex , 0.0588235294118
sherif_0777 , 0.333333333333
sherifothman_ , 0.28
sheriinia , 0.115384615385
sherinyousif , 0.333333333333
shezofrenya13 , 0.25
shfaaa6123 , 0.103448275862
shfarouk115 , 0.111111111111
shiba_mostafa , 0.272727272727
ShiIikAa , 0.111111111111
ShjmaaK , 0.153846153846
shmetha29 , 0.307692307692
ShoHosseiny , 0.272727272727
shoog_algasir , 0.0
shooo777777 , 0.4
shorok84 , 0.25
shosho_problem , 0.227272727273
shudi24 , 0.125
ShullyRosenthal , 0.285714285714
shymaaa_1234 , 0.5
ShzGaber , 0.222222222222
shzthjdarhck , 0.0
SideEslam , 0.166666666667
Sikabollos , 0.0424242424242
SimoAbomatar , 0.111111111111
SimonM_90 , 0.285714285714
Simple_LifeHack , 0.0
SinghLions , 0.236842105263
Sinpell , 0.15
sir_hussain44 , 0.123287671233
SitaraUrdu , 0.363636363636
SJpciHiedWAqvjM , 0.25
skbie_ , 0.0793650793651
SkinnySwagLove , 0.217948717949
slatoona_ksa , 0.166666666667
Slfr1231 , 0.08
slhslms , 0.333333333333
SM_A11 , 0.333333333333
smaa1011 , 0.141025641026
smallfunfacts , 0.259259259259
Smffffff , 0.5
smismi421 , 0.333333333333
Smrmr16_y , 0.190476190476
SmrNabil3waad , 0.384615384615
smsmGlaxy , 0.0
smsmsaid , 0.2
sn97083 , 0.176470588235
sniper_D_A , 0.0588235294118
sobhymohamed297 , 0.107142857143
Sobiakhalid8 , 0.0
SobreLaVida , 0.272727272727
Sofyanmourad , 0.0
SohairYamout , 0.0833333333333
Sohanda_Mohamed , 0.148148148148
SohaRoushdy , 0.333333333333
SohilaM752001 , 0.0
soli_moha , 0.176470588235
solimannassar , 0.15
sollyelfeky , 0.375
SoloaireVE , 0.175
Soly_MukhTar , 0.0689655172414
SolyMaster , 0.0
somaih_19 , 0.0
somammmmm , 0.0526315789474
some_power , 0.3
somia123463 , 0.0
Soo42Soo , 0.0555555555556
soo_yasmine , 0.133333333333
sookaasekaa , 0.0
soomohamed18 , 0.1
sooo502sooo , 0.133333333333
Soookr__22 , 0.285714285714
Sooq_55 , 0.260869565217
soso0553 , 0.0833333333333
Sosoeme45 , 0.0
sososo3051 , 0.137931034483
sosossamir74 , 0.142857142857
sosy2912 , 0.166666666667
souhaila_magdy , 0.111111111111
Special_E_Kharj , 0.0805369127517
sraab1988M , 0.166666666667
SrMdz , 0.02
SS_SS_505 , 0.130434782609
ssel100 , 0.155844155844
ssm20155 , 0.0
sssaaa1418 , 0.454545454545
ssshhhrrra , 0.0769230769231
ssss_sayed , 0.35
sssss97791 , 0.2
starbucksgaI , 0.235294117647
starnews_live , 0.0
Stayback7 , 0.285714285714
stich_ohana , 0.108695652174
STOP_Q80 , 0.0731707317073
strangellaws , 0.125
stranger243 , 0.4
strategicmental , 0.383333333333
sts11000 , 0.166666666667
Su_2a , 0.190476190476
Suhaib2077 , 0.333333333333
Sultan_12330 , 0.0
sultan_305s , 0.390243902439
sultanrealest , 0.171875
SuofyMai , 0.363636363636
Suoq11 , 0.484848484848
susa3000 , 0.25
suzyzendo , 0.272727272727
svfrimiento , 0.0666666666667
Svgundogdu , 0.48623853211
Swaha8lby , 0.333333333333
sx669 , 0.142857142857
sybicataput , 0.157894736842
sYd_209 , 0.181818181818
syykkoo , 0.2
t00iixx , 0.333333333333
t06134595 , 0.333333333333
T1veya12 , 0.166666666667
t3aarrf , 0.0
t3dwl , 0.333333333333
t6weer7iatk , 0.0820895522388
t_meemo , 0.354166666667
t_oo_to , 0.2
taalaal666 , 0.0
tabeeb11 , 0.142857142857
Taexq8 , 0.363636363636
TahaADemerdash , 0.142857142857
TAHAMUHAMED , 0.137931034483
TahounMohamed , 0.0
TAHTKHTAOINA , 0.0
TAIF__888 , 0.2
TAIF_____ , 0.153846153846
taison2250 , 0.0789473684211
talal_alshatri , 0.272727272727
talaljuba , 0.0952380952381
talalzz88 , 0.272727272727
Talisman25 , 0.2
talta3Chimal , 0.0612244897959
TamaraAli_ , 0.0833333333333
TamBirPAZARCI , 0.151515151515
tamer_mubarak , 0.333333333333
TaNgErInHoOo , 0.1
TarekElNawsaney , 0.117647058824
tareqaguero , 0.0540540540541
TarfahVip , 0.428571428571
tatweirco , 0.176470588235
tatwier , 0.296296296296
tawwr , 0.207207207207
TB5_5 , 0.2
TbadlBack , 0.333333333333
TbhldcAnymore , 0.115384615385
TBN38 , 0.0789473684211
TdawelQ8 , 0.142857142857
tdrebnews , 0.272727272727
TeamAnaVitoriaZ , 0.1
tee7a_beek , 0.0
tefa6695 , 0.428571428571
TElseady , 0.0
temoosl , 0.0434782608696
Tex_n_Singapore , 0.294117647059
teyahamed , 0.157894736842
tfkerejabe , 0.144444444444
th88th8 , 0.176470588235
thamerallsalem , 0.203389830508
The_Godfather86 , 0.0
TheAngryLawyer3 , 0.6
TheFigen , 0.182926829268
Theruby1984 , 0.0852713178295
TheSovski , 0.5
thkr1212 , 0.166666666667
thlawy1 , 0.25
thoughtcare , 0.125
thynya1 , 0.0
tiki_khadija , 0.333333333333
TimaHamdii , 0.5
Timmy_Bauer , 0.230769230769
Tinamony , 0.047619047619
tinzo_ , 0.2
tito551564 , 0.0833333333333
tjuniour5 , 0.0769230769231
tkteke , 0.105263157895
tl216 , 0.117647058824
TmHmsd , 0.444444444444
Tmm24org , 0.25
Toalltheteens , 0.235294117647
TokaBaha296 , 0.333333333333
tokadessouki858 , 0.125
tomy_jre , 0.0
Torkeeh , 0.4
Torki33333 , 0.5
TOT_RT , 0.0
TotaFrota15 , 0.0681818181818
toto123456Sh , 0.222222222222
toto6525 , 0.365384615385
toto736557 , 0.333333333333
totta301 , 0.333333333333
ToursimH , 0.2
trg_dd , 0.146341463415
Trisapiens , 0.142857142857
truekamel , 0.16
TruuFriends , 0.206896551724
tse_mari , 0.0
TTaZnim , 0.129032258065
tuktaja115 , 0.0952380952381
tulbia2 , 0.5
Tumblerallx , 0.230769230769
TunesGo , 0.173913043478
turk5i , 0.363636363636
Turkculuk_ , 0.238095238095
turki_alsud , 0.363636363636
TurkiGhanaam , 0.166666666667
TurkyMarwan , 0.0
TW_WD , 0.0
tweeet_itti , 0.0769230769231
TweetAthkar , 0.4
tweeter894 , 0.0666666666667
TweetZker , 0.25
TwiterAnime , 0.0
twseel_al_kharj , 0.0909090909091
twtmass , 0.0
Twytat , 0.333333333333
U_9 , 0.166666666667
uae165 , 0.0
Ujjwal_krishna , 0.154929577465
ultrasKan1071 , 0.333333333333
unda_da_bed , 0.384615384615
Uniliteuk , 0.09375
Unity____ , 0.2
Unknownfacts20 , 0.047619047619
unknownhandle1 , 0.2
UnTuitGracioso , 0.0571428571429
uo555mar , 0.166666666667
urno12 , 0.333333333333
usamaselim_ , 0.166666666667
user_676 , 0.276595744681
usm_creo , 0.08
Ussr19 , 0.111111111111
uutre70 , 0.4
uvv121 , 0.0
uvv121111 , 0.0
uyanishareketi , 0.10101010101
vale89styles , 0.0909090909091
ValkyrieCo1992 , 0.2
vas0sdealcohol , 0.25
vcvgc , 0.0833333333333
venezuelaver , 0.2
vermakanishka31 , 0.2
vetttoo , 0.0952380952381
via_hima , 0.1
View_tweets , 0.166666666667
villasenorshan4 , 0.107142857143
Violinist_8 , 0.133333333333
vip459511 , 0.192307692308
vip531572 , 0.0
vip7roof , 0.0
vip_5o , 0.333333333333
vipo123 , 0.105263157895
VirginiaZamora , 0.25
Vrodriguez15 , 0.0909090909091
vuskr8 , 0.0434782608696
w2011251 , 0.260869565217
WadeaAdel , 0.0
waelriad , 0.153846153846
wafa662011 , 0.110236220472
WafaaWa7ba , 0.266666666667
walaa_azzam1 , 0.10447761194
walaa_elshazly , 0.136363636364
WalaaMeky , 0.2
waleed_3qeel , 0.311475409836
Waleed_Missry , 0.0869565217391
waleed_s17 , 0.363636363636
WaleedEldaaly , 0.333333333333
walid_ma2do , 0.214285714286
Walid_o8 , 0.285714285714
wallewayn , 0.333333333333
Ward_Mosaad , 0.2
waseet_ksa , 0.0967741935484
Wasel_Alami , 0.366666666667
wasem__511 , 0.142857142857
WassyoiLine , 0.0
wawfact , 0.107142857143
wcrbcmt276 , 0.0
Wealth_LifeStyl , 0.32
weed4444 , 0.123076923077
Wego_ME , 0.0869565217391
wehba11 , 0.333333333333
Western_now , 0.105263157895
whdankhaled , 0.2
WhiteGirICommon , 0.214285714286
wiz_mickey , 0.1
wiz_mouse , 0.105263157895
Wjd_Rohy , 0.0
WL_OTB , 0.105263157895
WLD_ad99 , 0.333333333333
Wliidov , 0.162162162162
woman_550 , 0.30612244898
womanstrong22 , 0.0625
wordsTexting , 0.0714285714286
WordzOn , 0.0128205128205
Workoutivation , 0.222972972973
X__zahor , 0.333333333333
x_nooy , 0.148148148148
x_smki , 0.102564102564
xABoRYa , 0.0
xasesokunen , 0.166666666667
xb996 , 0.2
xelyjagikofa , 0.2
xevitapusugu , 0.176470588235
XforMoody , 0.333333333333
xman1090 , 0.25
xmohamed20 , 0.0
XPCenter , 0.0943396226415
xrxxo96 , 0.461538461538
xsaudi , 0.166666666667
xshrouqx , 0.348837209302
xxqqxq , 0.0909090909091
y_laresv , 0.2
yaaaara4 , 0.0
YaaaDo , 0.4
YahiaHisham53 , 0.0
yahya_yahya18 , 0.25
yahyaai202 , 0.093023255814
YahyaALsorory , 0.184210526316
yahyacandede , 0.388888888889
yan99998 , 0.10447761194
yanasoloman , 0.181818181818
Yara2Khaled , 0.230769230769
yaragam , 0.0769230769231
yaramostafaglal , 0.222222222222
yarayo5 , 0.0
yardiranprofil , 0.333333333333
Yaro7i , 0.206896551724
YasEr_Tweet , 0.0740740740741
Yasmin_jamal1 , 0.0227272727273
yasminakef97 , 0.153846153846
yasminamer555 , 0.142857142857
YasoAsem , 0.0714285714286
Yass2in , 0.162790697674
yasserabdelmen , 0.333333333333
YasserAhmed999 , 0.296296296296
yassmina__1 , 0.0
YassoSamar , 0.2
yate60 , 0.127272727273
yeseniaros002 , 0.133333333333
yjyzifBonn , 0.291666666667
ylmz_sakarya , 0.030303030303
ym_farouk , 0.375
yman1112 , 0.166666666667
Yn1Dunya , 0.272727272727
yokbisey_rt , 0.0
yosef_q8i9 , 0.3
yosefmamdoh , 0.133333333333
Yosefy77 , 0.125
yosssef__ , 0.266666666667
Youmnaz_ , 0.0819672131148
youmylove8 , 0.117647058824
Yousef_Alenezi , 0.131147540984
yousefmaged22 , 0.25
YousefMorsi , 0.25
YousefRakha , 0.181818181818
youseft76464503 , 0.0
yousefzwien , 0.0869565217391
youssef_weka88 , 0.269230769231
youssefyoussa , 0.0
youssifmowafyy , 0.0384615384615
youtubattt , 0.142857142857
YoyaA31 , 0.333333333333
yoyolove1051 , 0.0
ys8842 , 0.08
yuruyurutop , 0.0
yusufyuzluresmi , 0.0
YY8OTrsfk4bKIAx , 0.333333333333
Z_480 , 0.148936170213
z_999_z , 0.277777777778
z_iz0o , 0.222222222222
zabet_el , 0.0
ZahraaFahmyy , 0.104166666667
zainadarwsh , 0.093023255814
zaizevaelina , 0.222222222222
zamalkwe , 0.333333333333
Zat0na , 0.2
zdtka , 0.115384615385
zead_32 , 0.0857142857143
zeem54 , 0.126984126984
ZehraAbaci , 0.12
zeinabnagyzozo , 0.357142857143
zeinabxrevena , 0.0
ZeinabZeZe2 , 0.0
zeko9000 , 0.0714285714286
zekry22 , 0.0416666666667
zeppelin_1986 , 0.214285714286
zeyad_elhossary , 0.181818181818
zhhhhor , 0.0
Ziad_Oqaili , 0.222222222222
ZiadTariq640 , 0.138888888889
zibajidafos , 0.1875
zirmankiele , 0.111111111111
zizo_gamal_zizo , 0.1
zizomedo4 , 0.333333333333
zlabiaa515 , 0.428571428571
zm1034440 , 0.166666666667
zo0om99 , 0.1625
zooz_zoo2012 , 0.0833333333333
zozo_alzain23 , 0.191489361702
zsc_30 , 0.294117647059
ZSd86 , 0.333333333333
zxcvzxcv09 , 0.0
Zz77h , 0.0
